id,Tipo de inmueble,Operación,Precio,Estado,Delegación,Colonia,Núm. de recamaras,Núm. de baños,Estacionamientos,m2 de construcción,m2 de terreno,Niveles,Antigüedad,fecha_captura
64699tc,DEPARTAMENTO,RENTA,"$16,800 MXN",CDMX,COYOACAN,Paseos De TaxqueÑa,2,2,2,97,,6,MAS DE 30,2025-05-16 01:26:02
64973tc,LOCAL COMERCIAL,RENTA,"$10,000 MXN",CDMX,TLALPAN,Pedregal Del Lago,,SI,,33,,,,2025-05-16 01:26:05
64981tc,DEPARTAMENTO,RENTA,"$7,000 MXN",CDMX,CUAUHTEMOC,Doctores,2,1,,45,,3,MAS DE 30,2025-05-16 01:26:08
64929tc,CASA DUPLEX,RENTA,"$15,000 MXN",CDMX,TLALPAN,Villa Coapa,2,1,,75,,1,MAS DE 30,2025-05-16 01:26:12
64930tc,CASA,RENTA,"$28,000 MXN",CDMX,IZTAPALAPA,El Prado,3,2,2,137,,1,ENTRE 21 - 30 AÑOS,2025-05-16 01:26:15
64936tc,DEPARTAMENTO,RENTA,"$3,500 MXN",CDMX,XOCHIMILCO,San Lorenzo La Cebada,1,1,,25,,2,ENTRE 21 - 30 AÑOS,2025-05-16 01:26:18
64949tc,DEPARTAMENTO,RENTA,"$5,000 MXN",CDMX,XOCHIMILCO,Nativitas,1,1,1,50,,3,ENTRE 0 - 5 AÑOS,2025-05-16 01:26:21
64953tc,DEPARTAMENTO,RENTA,"$9,500 MXN",CDMX,TLALPAN,Pedregal De Las Aguilas,1,1,,75,,,,2025-05-16 01:26:23
64956tc,DEPARTAMENTO,RENTA,"$10,000 MXN",CDMX,COYOACAN,Parque San Andres,3,1,1,70,,4,MAS DE 30,2025-05-16 01:26:26
64892tc,BODEGA,RENTA,"$70,000 MXN",CDMX,COYOACAN,Ajusco,,,,,,,,2025-05-16 01:26:28
64898tc,LOCAL COMERCIAL,RENTA,"$7,500 MXN",CDMX,ALVARO OBREGON,Olivar De Los Padres,,SI,1,32,,,ENTRE 6 - 10 AÑOS,2025-05-16 01:26:32
64908tc,DEPARTAMENTO,RENTA,"$14,000 MXN",CDMX,CUAUHTEMOC,Roma Norte,2,1,,54,,4,ENTRE 11 - 15 AÑOS,2025-05-16 01:26:35
64909tc,DEPARTAMENTO,RENTA,"$14,800 MXN",CDMX,COYOACAN,Pueblo De Santa Ursula Coapa,2,SI,1,80,,3,ENTRE 0 - 5 AÑOS,2025-05-16 01:26:37
64910tc,DEPARTAMENTO,RENTA,"$14,800 MXN",CDMX,COYOACAN,Pueblo De Santa Ursula Coapa,2,SI,1,80,,3,ENTRE 0 - 5 AÑOS,2025-05-16 01:26:40
64938tc,DEPARTAMENTO,RENTA,"$21,000 MXN",CDMX,CUAUHTEMOC,San Rafael,2,2,1,65,,5,,2025-05-16 01:26:44
64942tc,LOCAL COMERCIAL,RENTA,"$8,500 MXN",CDMX,IZTAPALAPA,Puente Blanco,,1,,,,,ENTRE 6 - 10 AÑOS,2025-05-16 01:26:48
64964tc,LOCAL COMERCIAL,RENTA,"$7,500 MXN",CDMX,IZTAPALAPA,Puente Blanco,,SI,,,,,ENTRE 6 - 10 AÑOS,2025-05-16 01:26:52
64825tc,DEPARTAMENTO,RENTA,"$13,000 MXN",CDMX,GUSTAVO A. MADERO,Industrial,2,2,2,60,,,ENTRE 6 - 10 AÑOS,2025-05-16 01:26:55
64826tc,DEPARTAMENTO,RENTA,"$14,000 MXN",CDMX,GUSTAVO A. MADERO,Guadalupe Insurgentes,2,1,1,100,,1,MAS DE 30,2025-05-16 01:26:58
64835tc,DEPARTAMENTO,RENTA,"$9,000 MXN",CDMX,GUSTAVO A. MADERO,Estrella,1,1,,50,,3,ENTRE 0 - 5 AÑOS,2025-05-16 01:27:02
64836tc,OFICINA,RENTA,"$4,000 MXN",CDMX,GUSTAVO A. MADERO,Estrella,,SI,,,,3,ENTRE 0 - 5 AÑOS,2025-05-16 01:27:05
64837tc,OFICINA,RENTA,"$6,000 MXN",CDMX,GUSTAVO A. MADERO,Estrella,,SI,,,,3,ENTRE 0 - 5 AÑOS,2025-05-16 01:27:07
64838tc,LOCAL COMERCIAL,RENTA,"$9,500 MXN",CDMX,GUSTAVO A. MADERO,Tepeyac Insurgentes,,SI,,31,,,MAS DE 30,2025-05-16 01:27:11
64839tc,LOCAL COMERCIAL,RENTA,"$28,000 MXN",CDMX,BENITO JUAREZ,Del Valle Centro,,SI,,,,,,2025-05-16 01:27:15
64842tc,DEPARTAMENTO,RENTA,"$16,000 MXN",CDMX,ALVARO OBREGON,Guadalupe Inn,1,1,,85,,4,,2025-05-16 01:27:19
64848tc,CASA EN CONDOMINIO,RENTA,"$40,000 MXN",CDMX,COYOACAN,Del Carmen,6,SI,4,250,,,MAS DE 30,2025-05-16 01:27:23
64849tc,LOCAL COMERCIAL,RENTA,"$5,000 MXN",CDMX,IZTAPALAPA,Los Cipreses,,SI,,4,,,ENTRE 16 - 20 AÑOS,2025-05-16 01:27:26
64850tc,LOCAL COMERCIAL,RENTA,"$4,500 MXN",CDMX,IZTAPALAPA,Los Cipreses,,SI,,35,,,,2025-05-16 01:27:28
64857tc,DEPARTAMENTO,RENTA,"$7,500 MXN",CDMX,GUSTAVO A. MADERO,Lindavista Norte,2,1,,65,,5,ENTRE 21 - 30 AÑOS,2025-05-16 01:27:31
64860tc,CASA DUPLEX,RENTA,"$15,000 MXN",CDMX,COYOACAN,Culhuacan Ctm Seccion Vi,3,SI,,95,,2,MAS DE 30,2025-05-16 01:27:33
64864tc,DEPARTAMENTO,RENTA,"$28,000 MXN",CDMX,COYOACAN,Barrio Del NiÑo Jesus,2,2,2,147,,5,ENTRE 16 - 20 AÑOS,2025-05-16 01:27:37
64870tc,CASA,RENTA,"$30,000 MXN",CDMX,TLALPAN,Villa Lazaro Cardenas,,,,300,,,,2025-05-16 01:27:39
64872tc,DEPARTAMENTO,RENTA,"$26,500 MXN",CDMX,TLALPAN,Tlalpan Centro,3,3,4,190,,2,MAS DE 30,2025-05-16 01:27:43
64875tc,LOCAL COMERCIAL,RENTA,"$48,000 MXN",CDMX,LA MAGDALENA CONTRERAS,San Jeronimo Lidice,,SI,2,84,,,ENTRE 11 - 15 AÑOS,2025-05-16 01:27:46
64885tc,LOCAL COMERCIAL,RENTA,"$17,000 MXN",CDMX,BENITO JUAREZ,Del Valle Centro,,SI,,30,,,MAS DE 30,2025-05-16 01:27:49
64913tc,DEPARTAMENTO,RENTA,"$14,000 MXN",CDMX,COYOACAN,Alianza Popular Revolucionaria,3,1,1,90,,3,MAS DE 30,2025-05-16 01:27:52
64803tc,CASA,RENTA,"$25,000 MXN",CDMX,GUSTAVO A. MADERO,San Juan De Aragon Iv Seccion,4,2,4,220,,2,MAS DE 30,2025-05-16 01:27:55
64806tc,DEPARTAMENTO,RENTA,"$17,300 MXN",CDMX,BENITO JUAREZ,Del Valle Centro,1,1,1,72,,4,ENTRE 6 - 10 AÑOS,2025-05-16 01:27:59
64812tc,DEPARTAMENTO,RENTA,"$12,500 MXN",CDMX,TLALPAN,Villa Coapa,3,1,,65,,4,MAS DE 30,2025-05-16 01:28:01
64815tc,DEPARTAMENTO,RENTA,"$12,000 MXN",CDMX,BENITO JUAREZ,Portales Sur,2,1,,65,,4,MAS DE 30,2025-05-16 01:28:04
64818tc,DEPARTAMENTO,RENTA,"$13,000 MXN",CDMX,COYOACAN,Parque San Andres,2,1,,75,,1,MAS DE 30,2025-05-16 01:28:07
64830tc,DEPARTAMENTO,RENTA,"$12,000 MXN",CDMX,VENUSTIANO CARRANZA,Moctezuma 2a Seccion,2,1,1,71,,5,ENTRE 16 - 20 AÑOS,2025-05-16 01:28:10
64851tc,DEPARTAMENTO,RENTA,"$20,000 MXN",CDMX,ALVARO OBREGON,Los Alpes,1,1,,78,,,ENTRE 0 - 5 AÑOS,2025-05-16 01:28:13
64871tc,LOCAL COMERCIAL,RENTA,"$10,500 MXN",CDMX,GUSTAVO A. MADERO,San Juan De Aragon I Seccion,,1,,15,,,,2025-05-16 01:28:15
64968tc,DEPARTAMENTO,RENTA,"$16,000 MXN",CDMX,CUAUHTEMOC,Roma Norte,2,1,,60,,3,MAS DE 30,2025-05-16 01:28:19
64769tc,DEPARTAMENTO,RENTA,"$25,000 MXN",CDMX,BENITO JUAREZ,Del Valle Centro,3,2,1,100,,5,MAS DE 30,2025-05-16 01:28:23
64770tc,DEPARTAMENTO,RENTA,"$9,000 MXN",CDMX,TLAHUAC,Granjas Cabrera,2,SI,1,70,,,,2025-05-16 01:28:25
64772tc,DEPARTAMENTO,RENTA,"$6,500 MXN",CDMX,TLALPAN,Pedregal De San Nicolas 1a Seccion,2,1,,50,,2,ENTRE 6 - 10 AÑOS,2025-05-16 01:28:28
64787tc,LOCAL COMERCIAL,RENTA,"$9,500 MXN",CDMX,TLALPAN,Tlalpan Centro,,SI,,20,,,,2025-05-16 01:28:31
64790tc,DEPARTAMENTO,RENTA,"$5,500 MXN",CDMX,GUSTAVO A. MADERO,Industrial,1,1,,30,,1,,2025-05-16 01:28:34
64804tc,DEPARTAMENTO,RENTA,"$26,000 MXN",CDMX,BENITO JUAREZ,Del Valle Norte,2,2,1,103,,3,ENTRE 11 - 15 AÑOS,2025-05-16 01:28:38
64834tc,DEPARTAMENTO,RENTA,"$35,000 MXN",CDMX,BENITO JUAREZ,San Jose Insurgentes,3,SI,2,160,,,ENTRE 16 - 20 AÑOS,2025-05-16 01:28:41
64861tc,DEPARTAMENTO,RENTA,"$16,000 MXN",CDMX,TLALPAN,Chimalcoyoc,1,2,1,70,,,,2025-05-16 01:28:44
64777tc,DEPARTAMENTO,RENTA,"$14,000 MXN",CDMX,CUAUHTEMOC,Doctores,2,1,1,50,,6,,2025-05-16 01:28:47
64782tc,DEPARTAMENTO,RENTA,"$15,000 MXN",CDMX,CUAUHTEMOC,Doctores,2,1,1,56,,10,,2025-05-16 01:28:49
64717tc,BODEGA,RENTA,"$95,000 MXN",CDMX,TLALPAN,Lomas Del Pedregal,,,,500,,,,2025-05-16 01:28:53
64721tc,DEPARTAMENTO,RENTA,"$19,500 MXN",CDMX,BENITO JUAREZ,Napoles,2,1,1,90,,,,2025-05-16 01:28:56
64742tc,DEPARTAMENTO,RENTA,"$10,000 MXN",CDMX,COYOACAN,Culhuacan Ctm Seccion Iii,3,1,1,70,,3,MAS DE 30,2025-05-16 01:29:00
64743tc,DEPARTAMENTO,RENTA,"$11,000 MXN",CDMX,COYOACAN,Pedregal De Carrasco,2,1,1,51,,,,2025-05-16 01:29:03
64750tc,DEPARTAMENTO,RENTA,"$11,400 MXN",CDMX,MIGUEL HIDALGO,Anahuac I Seccion,2,1,,45,,,,2025-05-16 01:29:06
64778tc,LOCAL COMERCIAL,RENTA,"$5,900 MXN",CDMX,TLALPAN,Ejidos De San Pedro Martir,,SI,,20,,,,2025-05-16 01:29:09
64884tc,DEPARTAMENTO,RENTA,"$25,000 MXN",CDMX,COYOACAN,Insurgentes Cuicuilco,2,2,1,140,,,,2025-05-16 01:29:13
64661tc,CASA DUPLEX,RENTA,"$17,000 MXN",CDMX,TLALPAN,Narciso Mendoza,3,2,,65,,,,2025-05-16 01:29:16
64686tc,DEPARTAMENTO,RENTA,"$8,500 MXN",CDMX,IZTACALCO,Agricola Pantitlan,2,1,,54,,5,ENTRE 21 - 30 AÑOS,2025-05-16 01:29:20
64696tc,LOCAL COMERCIAL,RENTA,"$8,000 MXN",CDMX,MIGUEL HIDALGO,Torre Blanca,,1,,30,,,MAS DE 30,2025-05-16 01:29:24
64701tc,DEPARTAMENTO,RENTA,"$5,800 MXN",CDMX,ALVARO OBREGON,Tizapan,1,1,,30,,,,2025-05-16 01:29:26
64704tc,OFICINA,RENTA,"$27,500 MXN",CDMX,MIGUEL HIDALGO,Modelo Pensil,,SI,1,76,,3,ENTRE 6 - 10 AÑOS,2025-05-16 01:29:28
64706tc,EDIFICIO,RENTA,"$16,500 MXN",CDMX,BENITO JUAREZ,Independencia,,,,,,2,ENTRE 16 - 20 AÑOS,2025-05-16 01:29:32
64724tc,DEPARTAMENTO,RENTA,"$21,000 MXN",CDMX,BENITO JUAREZ,Del Valle Centro,2,2,1,90,,,,2025-05-16 01:29:35
64738tc,LOCAL COMERCIAL,RENTA,"$5,900 MXN",CDMX,TLALPAN,Ejidos De San Pedro Martir,,SI,,20,,,,2025-05-16 01:29:37
64603tc,CASA,RENTA,"$26,500 MXN",CDMX,CUAUHTEMOC,Roma Sur,2,SI,,110,,2,MAS DE 30,2025-05-16 01:29:40
64647tc,DEPARTAMENTO,RENTA,"$13,000 MXN",CDMX,COYOACAN,Parque San Andres,2,2,1,74,,7,MAS DE 30,2025-05-16 01:29:42
64664tc,PENT HOUSE,RENTA,"$65,000 MXN",CDMX,MIGUEL HIDALGO,Anzures,4,SI,2,,,9,MAS DE 30,2025-05-16 01:29:45
64665tc,CASA,RENTA,"$17,000 MXN",CDMX,XOCHIMILCO,El Mirador,3,SI,2,140,,3,ENTRE 21 - 30 AÑOS,2025-05-16 01:29:48
64668tc,DEPARTAMENTO,RENTA,"$7,500 MXN",CDMX,COYOACAN,Ajusco,1,1,,40,,3,,2025-05-16 01:29:53
64671tc,DEPARTAMENTO,RENTA,"$4,500 MXN",CDMX,COYOACAN,Ajusco,1,1,,15,,3,,2025-05-16 01:29:57
64672tc,DEPARTAMENTO,RENTA,"$3,500 MXN",CDMX,COYOACAN,Ajusco,1,1,,10,,,,2025-05-16 01:29:59
64698tc,DEPARTAMENTO,RENTA,"$6,500 MXN",CDMX,XOCHIMILCO,Santiago Tepalcatlalpan,2,1,,55,,2,,2025-05-16 01:30:01
64737tc,LOCAL COMERCIAL,RENTA,"$60,000 MXN",CDMX,COYOACAN,Del Carmen,,1,,,,,,2025-05-16 01:30:05
64744tc,DEPARTAMENTO,RENTA,"$11,000 MXN",CDMX,COYOACAN,Pedregal De Santa Ursula,2,2,,80,,2,ENTRE 0 - 5 AÑOS,2025-05-16 01:30:09
64608tc,DEPARTAMENTO,RENTA,"$8,000 MXN",CDMX,IZTAPALAPA,Sector Popular,2,1,,45,,,,2025-05-16 01:30:12
64615tc,LOCAL COMERCIAL,RENTA,"$15,000 MXN",CDMX,COYOACAN,Viejo Ejido De Santa Ursula Coapa,,SI,,45,,,,2025-05-16 01:30:16
64617tc,OFICINA,RENTA,"$11,100 MXN",CDMX,CUAUHTEMOC,Cuauhtemoc,,SI,1,50,,,MAS DE 30,2025-05-16 01:30:19
64619tc,DEPARTAMENTO,RENTA,"$16,500 MXN",CDMX,CUAUHTEMOC,San Rafael,2,1,,75,,4,MAS DE 30,2025-05-16 01:30:22
64622tc,LOCAL COMERCIAL,RENTA,"$4,000 MXN",CDMX,IZTAPALAPA,Apatlaco,,1,,,,,,2025-05-16 01:30:26
64625tc,DEPARTAMENTO,RENTA,"$8,000 MXN",CDMX,IZTACALCO,Granjas Mexico,1,1,,50,,,ENTRE 0 - 5 AÑOS,2025-05-16 01:30:29
64636tc,LOCAL COMERCIAL,RENTA,"$4,800 MXN",CDMX,IZTAPALAPA,Constitucion De 1917,,1,,16,,,,2025-05-16 01:30:31
64657tc,CASA,RENTA,"$15,000 MXN",CDMX,COYOACAN,Culhuacan Ctm Seccion V,4,2,2,75,,2,MAS DE 30,2025-05-16 01:30:35
64725tc,DEPARTAMENTO,RENTA,"$16,900 MXN",CDMX,MIGUEL HIDALGO,Escandon I Seccion,2,1,1,73,,4,ENTRE 6 - 10 AÑOS,2025-05-16 01:30:38
64601tc,OFICINA,RENTA,"$6,000 MXN",CDMX,GUSTAVO A. MADERO,Industrial,,SI,,32,,,,2025-05-16 01:30:41
64587tc,DEPARTAMENTO,RENTA,"$12,000 MXN",CDMX,VENUSTIANO CARRANZA,Lorenzo Boturini,2,1,1,55,,4,ENTRE 11 - 15 AÑOS,2025-05-16 01:30:43
64588tc,DEPARTAMENTO,RENTA,"$8,000 MXN",CDMX,IZTAPALAPA,Unidad Modelo,1,1,,65,,,,2025-05-16 01:30:47
64591tc,LOCAL COMERCIAL,RENTA,"$43,000 MXN",CDMX,CUAUHTEMOC,Obrera,,SI,,152,,,ENTRE 6 - 10 AÑOS,2025-05-16 01:30:51
64594tc,DEPARTAMENTO,RENTA,"$15,000 MXN",CDMX,CUAUHTEMOC,Juarez,1,1,,70,,4,MAS DE 30,2025-05-16 01:30:53
64598tc,CASA EN CONDOMINIO,RENTA,"$7,500 MXN",CDMX,ALVARO OBREGON,Florida,1,SI,1,20,,,,2025-05-16 01:30:56
64609tc,DEPARTAMENTO,RENTA,"$11,000 MXN",CDMX,VENUSTIANO CARRANZA,Merced Balbuena,2,1,1,60,,6,ENTRE 0 - 5 AÑOS,2025-05-16 01:31:00
64611tc,DEPARTAMENTO,RENTA,"$10,000 MXN",CDMX,MIGUEL HIDALGO,Popotla,2,1,1,59,,5,ENTRE 16 - 20 AÑOS,2025-05-16 01:31:02
64633tc,DEPARTAMENTO,RENTA,"$12,000 MXN",CDMX,BENITO JUAREZ,Portales Sur,2,1,,65,,1,,2025-05-16 01:31:05
64656tc,DEPARTAMENTO,RENTA,"$9,000 MXN",CDMX,COYOACAN,Culhuacan Ctm Seccion V,2,1,,65,,2,MAS DE 30,2025-05-16 01:31:09
64572tc,DEPARTAMENTO,RENTA,"$15,000 MXN",CDMX,CUAUHTEMOC,San Rafael,2,1,,85,,4,,2025-05-16 01:31:12
64576tc,DEPARTAMENTO,RENTA,"$10,000 MXN",CDMX,IZTACALCO,Santiago Norte,2,1,1,60,,,ENTRE 16 - 20 AÑOS,2025-05-16 01:31:15
64614tc,DEPARTAMENTO,RENTA,"$16,000 MXN",CDMX,BENITO JUAREZ,San Pedro De Los Pinos,2,1,,95,,1,ENTRE 21 - 30 AÑOS,2025-05-16 01:31:19
64563tc,DEPARTAMENTO,RENTA,"$12,000 MXN",CDMX,ALVARO OBREGON,San Pedro De Los Pinos,2,1,1,60,,6,ENTRE 21 - 30 AÑOS,2025-05-16 01:31:23
64568tc,DEPARTAMENTO,RENTA,"$14,000 MXN",CDMX,COYOACAN,Pedregal De Santo Domingo,2,SI,,100,,,ENTRE 0 - 5 AÑOS,2025-05-16 01:31:25
64635tc,DEPARTAMENTO,RENTA,"$15,000 MXN",CDMX,VENUSTIANO CARRANZA,Jardin Balbuena,3,1,,110,,,,2025-05-16 01:31:29
64678tc,DEPARTAMENTO,RENTA,"$16,500 MXN",CDMX,CUAUHTEMOC,Roma Sur,1,1,,45,,2,MAS DE 30,2025-05-16 01:31:33
64714tc,LOCAL COMERCIAL,RENTA,"$8,000 MXN",CDMX,GUSTAVO A. MADERO,La Purisima Ticoman,,SI,,20,,,,2025-05-16 01:31:35
64513tc,LOCAL COMERCIAL,RENTA,"$75,000 MXN",CDMX,BENITO JUAREZ,Insurgentes Mixcoac,,SI,,,,,MAS DE 30,2025-05-16 01:31:37
64530tc,DEPARTAMENTO,RENTA,"$9,000 MXN",CDMX,COYOACAN,Pedregal De Carrasco,2,1,,52,,,,2025-05-16 01:31:41
64552tc,OFICINA,RENTA,"$11,000 MXN",CDMX,TLALPAN,Toriello Guerra,,SI,,13,,,ENTRE 11 - 15 AÑOS,2025-05-16 01:31:45
64565tc,OFICINA,RENTA,"$15,900 MXN",CDMX,BENITO JUAREZ,Napoles,,1,,62,,,,2025-05-16 01:31:48
64581tc,DEPARTAMENTO,RENTA,"$22,600 MXN",CDMX,BENITO JUAREZ,Narvarte Poniente,2,,2,80,,,ENTRE 16 - 20 AÑOS,2025-05-16 01:31:51
64652tc,DEPARTAMENTO,RENTA,"$12,000 MXN",CDMX,CUAUHTEMOC,Santa Maria La Ribera,2,1,,50,,,,2025-05-16 01:31:53
64695tc,CASA DUPLEX,RENTA,"$16,800 MXN",CDMX,AZCAPOTZALCO,San Alvaro,3,SI,2,100,,,,2025-05-16 01:31:57
64482tc,DEPARTAMENTO,RENTA,"$8,500 MXN",CDMX,TLALPAN,Chimalcoyoc,2,1,1,55,,,ENTRE 11 - 15 AÑOS,2025-05-16 01:32:00
64508tc,CASA,RENTA,"$15,000 MXN",CDMX,IZTAPALAPA,Escuadron 201,,1,1,50,,,,2025-05-16 01:32:03
64406tc,DEPARTAMENTO,RENTA,"$13,000 MXN",CDMX,BENITO JUAREZ,Del Valle Norte,1,1,,49,,2,MAS DE 30,2025-05-16 01:32:06
64409tc,TERRENO,RENTA,"$20,000 MXN",CDMX,TLALPAN,Chimilli,,,,400,,,,2025-05-16 01:32:08
64413tc,OFICINA,RENTA,"$3,500 MXN",CDMX,IZTAPALAPA,Heroes De Churubusco,,1,,11,,2,,2025-05-16 01:32:11
64414tc,CASA,RENTA,"$3,800 MXN",CDMX,IZTAPALAPA,Heroes De Churubusco,1,1,,15,,,,2025-05-16 01:32:15
64421tc,DEPARTAMENTO,RENTA,"$15,000 MXN",CDMX,CUAUHTEMOC,Roma Sur,1,1,1,50,,1,MAS DE 30,2025-05-16 01:32:18
64434tc,OFICINA,RENTA,"$70,000 MXN",CDMX,TLALPAN,Barrio La Fama,,3,1,300,,,ENTRE 21 - 30 AÑOS,2025-05-16 01:32:20
64436tc,OFICINA,RENTA,"$22,500 MXN",CDMX,TLALPAN,Barrio La Fama,,2,1,124,,,ENTRE 21 - 30 AÑOS,2025-05-16 01:32:24
64440tc,OFICINA,RENTA,"$25,000 MXN",CDMX,TLALPAN,Barrio La Fama,,2,1,135,,,ENTRE 21 - 30 AÑOS,2025-05-16 01:32:28
64453tc,OFICINA,RENTA,"$14,000 MXN",CDMX,CUAUHTEMOC,San Rafael,,1,,,,2,ENTRE 11 - 15 AÑOS,2025-05-16 01:32:30
64370tc,LOCAL COMERCIAL,RENTA,"$20,000 MXN",CDMX,ALVARO OBREGON,Tizapan,,SI,,30,,,ENTRE 11 - 15 AÑOS,2025-05-16 01:32:33
64382tc,OFICINA,RENTA,"$28,500 MXN",CDMX,LA MAGDALENA CONTRERAS,San Jeronimo Aculco,,,2,43,,,,2025-05-16 01:32:37
64390tc,LOCAL COMERCIAL,RENTA,"$5,900 MXN",CDMX,COYOACAN,Pueblo La Candelaria,,1,,10,,,ENTRE 6 - 10 AÑOS,2025-05-16 01:32:40
64177tc,DEPARTAMENTO,RENTA,"$29,500 MXN",CDMX,CUAUHTEMOC,Cuauhtemoc,2,2,1,120,,5,MAS DE 30,2025-05-16 01:32:43
64470tc,DEPARTAMENTO,RENTA,"$29,000 MXN",CDMX,ALVARO OBREGON,Las Aguilas,3,SI,3,143,,3,ENTRE 6 - 10 AÑOS,2025-05-16 01:32:46
64476tc,DEPARTAMENTO,RENTA,"$21,000 MXN",CDMX,BENITO JUAREZ,General Pedro Maria Anaya,,,,78,,,,2025-05-16 01:32:49
64324tc,DEPARTAMENTO,RENTA,"$13,500 MXN",CDMX,COYOACAN,Pueblo La Candelaria,2,1,1,52,,5,ENTRE 11 - 15 AÑOS,2025-05-16 01:32:51
64325tc,DEPARTAMENTO,RENTA,"$11,500 MXN",CDMX,BENITO JUAREZ,NiÑos Heroes,2,1,1,52,,4,ENTRE 11 - 15 AÑOS,2025-05-16 01:32:55
64349tc,DEPARTAMENTO,RENTA,"$18,000 MXN",CDMX,BENITO JUAREZ,Del Valle Sur,2,2,1,88,,7,MAS DE 30,2025-05-16 01:32:58
64443tc,DEPARTAMENTO,RENTA,"$23,000 MXN",CDMX,BENITO JUAREZ,Narvarte Poniente,2,2,2,75,,3,ENTRE 6 - 10 AÑOS,2025-05-16 01:33:01
64762tc,DEPARTAMENTO,RENTA,"$12,500 MXN",CDMX,GUSTAVO A. MADERO,Guadalupe Tepeyac,2,2,1,65,,,MAS DE 30,2025-05-16 01:33:04
64277tc,DEPARTAMENTO,RENTA,"$13,500 MXN",CDMX,LA MAGDALENA CONTRERAS,San Jeronimo Lidice,2,1,,72,,,,2025-05-16 01:33:08
64293tc,BODEGA,RENTA,"$85,000 MXN",CDMX,TLALPAN,Miguel Hidalgo 4a Seccion,,,,400,,,,2025-05-16 01:33:10
64299tc,DEPARTAMENTO,RENTA,"$10,000 MXN",CDMX,IZTACALCO,Santa Anita,2,1,,44,,,,2025-05-16 01:33:14
64308tc,CASA,RENTA,"$11,000 MXN",CDMX,XOCHIMILCO,Santa Maria Tepepan,1,1,1,120,,1,MAS DE 30,2025-05-16 01:33:16
64322tc,DEPARTAMENTO,RENTA,"$25,000 MXN",CDMX,BENITO JUAREZ,Narvarte Oriente,2,2,2,112,,4,ENTRE 6 - 10 AÑOS,2025-05-16 01:33:19
64348tc,DEPARTAMENTO,RENTA,"$16,000 MXN",CDMX,ALVARO OBREGON,Carola,2,1,1,55,,10,ENTRE 6 - 10 AÑOS,2025-05-16 01:33:23
64363tc,LOCAL COMERCIAL,RENTA,"$7,000 MXN",CDMX,ALVARO OBREGON,Molino De Rosas,,SI,,20,,,MAS DE 30,2025-05-16 01:33:25
64480tc,DEPARTAMENTO,RENTA,"$13,500 MXN",CDMX,MIGUEL HIDALGO,Escandon I Seccion,2,1,1,50,,4,ENTRE 21 - 30 AÑOS,2025-05-16 01:33:28
64511tc,CASA,RENTA,"$16,000 MXN",CDMX,ALVARO OBREGON,Bosques De Tarango,8,SI,,100,,4,ENTRE 21 - 30 AÑOS,2025-05-16 01:33:32
64269tc,EDIFICIO,RENTA,"$150,000 MXN",CDMX,IZTACALCO,Granjas Mexico,,SI,4,500,,2,ENTRE 0 - 5 AÑOS,2025-05-16 01:33:34
64433tc,CASA,RENTA,"$17,500 MXN",CDMX,IZTAPALAPA,Lomas Estrella,4,SI,1,122,,1,,2025-05-16 01:33:39
64262tc,DEPARTAMENTO,RENTA,"$17,000 MXN",CDMX,ALVARO OBREGON,Carola,2,2,2,61,,23,ENTRE 6 - 10 AÑOS,2025-05-16 01:33:42
64266tc,CASA,RENTA,"$42,000 MXN",CDMX,BENITO JUAREZ,Del Valle Norte,4,SI,4,190,,2,MAS DE 30,2025-05-16 01:33:46
64405tc,DEPARTAMENTO,RENTA,"$20,000 MXN",CDMX,TLALPAN,Ex Hacienda San Juan De Dios,2,1,1,120,,,ENTRE 6 - 10 AÑOS,2025-05-16 01:33:50
64226tc,DEPARTAMENTO,RENTA,"$6,000 MXN",CDMX,TLAHUAC,Los Olivos,2,1,,68,,,,2025-05-16 01:33:53
64365tc,DEPARTAMENTO,RENTA,"$13,000 MXN",CDMX,VENUSTIANO CARRANZA,Moctezuma 1a Seccion,2,1,1,60,,4,ENTRE 0 - 5 AÑOS,2025-05-16 01:33:56
64639tc,DEPARTAMENTO,RENTA,"$23,000 MXN",CDMX,BENITO JUAREZ,Portales Norte,3,2,2,129,,17,ENTRE 0 - 5 AÑOS,2025-05-16 01:34:00
64428tc,DEPARTAMENTO,RENTA,"$24,900 MXN",CDMX,BENITO JUAREZ,Ampliacion Napoles,2,1,1,80,,5,,2025-05-16 01:34:04
64176tc,DEPARTAMENTO,RENTA,"$17,500 MXN",CDMX,BENITO JUAREZ,Napoles,2,1,1,90,,,,2025-05-16 01:34:07
64178tc,DEPARTAMENTO,RENTA,"$28,500 MXN",CDMX,CUAUHTEMOC,Cuauhtemoc,2,2,1,90,,5,MAS DE 30,2025-05-16 01:34:10
64191tc,DEPARTAMENTO,RENTA,"$6,000 MXN",CDMX,TLALPAN,Tlalpan Centro,1,1,,38,,,,2025-05-16 01:34:13
64196tc,OFICINA,RENTA,"$22,000 MXN",CDMX,BENITO JUAREZ,Napoles,,1,1,75,,,,2025-05-16 01:34:17
64199tc,CONSULTORIO,RENTA,"$29,000 MXN",CDMX,COYOACAN,Olimpica,,2,2,110,,,,2025-05-16 01:34:19
64215tc,DEPARTAMENTO,RENTA,"$5,000 MXN",CDMX,TLAHUAC,Zapotitla,2,1,,44,,,,2025-05-16 01:34:23
64231tc,LOCAL COMERCIAL,RENTA,"$9,500 MXN",CDMX,IZTAPALAPA,Escuadron 201,,SI,,125,,,ENTRE 16 - 20 AÑOS,2025-05-16 01:34:26
64350tc,DEPARTAMENTO,RENTA,"$10,500 MXN",CDMX,IZTACALCO,Gabriel Ramos Millan,2,1,1,56,,5,ENTRE 6 - 10 AÑOS,2025-05-16 01:34:29
64141tc,DEPARTAMENTO,RENTA,"$15,000 MXN",CDMX,CUAUHTEMOC,Obrera,2,1,1,72,,4,ENTRE 0 - 5 AÑOS,2025-05-16 01:34:33
64154tc,LOCAL COMERCIAL,RENTA,"$4,000 MXN",CDMX,XOCHIMILCO,Ampliacion San Marcos Norte,,SI,,,,,,2025-05-16 01:34:35
64104tc,DEPARTAMENTO,RENTA,"$7,950 MXN",CDMX,CUAUHTEMOC,Doctores,1,1,,40,,3,MAS DE 30,2025-05-16 01:34:39
64118tc,CASA,RENTA,"$25,000 MXN",CDMX,COYOACAN,Presidentes Ejidales 1a Seccion,3,SI,2,150,,,,2025-05-16 01:34:41
64080tc,LOCAL COMERCIAL,RENTA,"$14,310 MXN",CDMX,CUAUHTEMOC,Cuauhtemoc,,SI,,,,,MAS DE 30,2025-05-16 01:34:45
64109tc,DEPARTAMENTO,RENTA,"$16,000 MXN",CDMX,VENUSTIANO CARRANZA,Jardin Balbuena,1,1,,36,,3,ENTRE 0 - 5 AÑOS,2025-05-16 01:34:48
64110tc,DEPARTAMENTO,RENTA,"$16,000 MXN",CDMX,VENUSTIANO CARRANZA,Jardin Balbuena,1,1,,36,,3,ENTRE 0 - 5 AÑOS,2025-05-16 01:34:52
64125tc,DEPARTAMENTO,RENTA,"$15,500 MXN",CDMX,BENITO JUAREZ,Moderna,2,1,1,60,,16,ENTRE 16 - 20 AÑOS,2025-05-16 01:34:55
64023tc,DEPARTAMENTO,RENTA,"$18,000 MXN",CDMX,MIGUEL HIDALGO,Escandon Ii Seccion,2,SI,1,67,,5,ENTRE 16 - 20 AÑOS,2025-05-16 01:34:59
64032tc,DEPARTAMENTO,RENTA,"$14,700 MXN",CDMX,TLALPAN,Tlalpan Centro,2,1,1,78,,,,2025-05-16 01:35:03
64038tc,DEPARTAMENTO,RENTA,"$13,000 MXN",CDMX,COYOACAN,Viejo Ejido De Santa Ursula Coapa,2,,1,87,,2,,2025-05-16 01:35:06
64052tc,DEPARTAMENTO,RENTA,"$20,000 MXN",CDMX,CUAUHTEMOC,Centro (area 1),2,2,,80,,7,ENTRE 0 - 5 AÑOS,2025-05-16 01:35:08
64054tc,LOCAL COMERCIAL,RENTA,"$25,000 MXN",CDMX,GUSTAVO A. MADERO,Guadalupe Tepeyac,,2,,95,,,,2025-05-16 01:35:12
64078tc,DEPARTAMENTO,RENTA,"$22,000 MXN",CDMX,BENITO JUAREZ,Napoles,2,1,1,80,,,,2025-05-16 01:35:15
64083tc,DEPARTAMENTO,RENTA,"$16,500 MXN",CDMX,IZTACALCO,Granjas Mexico,2,1,1,60,,4,ENTRE 0 - 5 AÑOS,2025-05-16 01:35:19
64398tc,DEPARTAMENTO,RENTA,"$9,500 MXN",CDMX,TLALPAN,Villa Lazaro Cardenas,2,1,1,52,,,,2025-05-16 01:35:21
64155tc,OFICINA,RENTA,"$37,000 MXN",CDMX,BENITO JUAREZ,Del Valle Centro,,SI,1,150,,10,MAS DE 30,2025-05-16 01:35:25
64001tc,DEPARTAMENTO,RENTA,"$13,300 MXN",CDMX,TLALPAN,Miguel Hidalgo 3a Seccion,3,2,1,100,,2,ENTRE 6 - 10 AÑOS,2025-05-16 01:35:29
64014tc,DEPARTAMENTO,RENTA,"$11,500 MXN",CDMX,IZTACALCO,Viaducto Piedad,2,1,1,65,,,,2025-05-16 01:35:32
64015tc,DEPARTAMENTO,RENTA,"$8,500 MXN",CDMX,IZTACALCO,Santa Anita,2,1,1,47,,,,2025-05-16 01:35:35
64036tc,DEPARTAMENTO,RENTA,"$7,000 MXN",CDMX,IZTAPALAPA,Progresista,2,1,1,63,,4,ENTRE 21 - 30 AÑOS,2025-05-16 01:35:38
64092tc,DEPARTAMENTO,RENTA,"$45,000 MXN",CDMX,BENITO JUAREZ,Del Valle Centro,3,SI,2,240,,4,MAS DE 30,2025-05-16 01:35:41
64179tc,CASA,RENTA,"$25,000 MXN",CDMX,ALVARO OBREGON,Cove,5,2,,215,,2,ENTRE 21 - 30 AÑOS,2025-05-16 01:35:44
63931tc,CASA EN CONDOMINIO,RENTA,"$25,000 MXN",CDMX,ALVARO OBREGON,Tetelpan,3,2,2,220,,,ENTRE 11 - 15 AÑOS,2025-05-16 01:35:48
63933tc,CASA,RENTA,"$70,000 MXN",CDMX,ALVARO OBREGON,Tetelpan,3,3,2,1400,,,ENTRE 21 - 30 AÑOS,2025-05-16 01:35:50
64456tc,CASA,RENTA,"$38,500 MXN",CDMX,COYOACAN,Del Carmen,3,2,3,300,,1,MAS DE 30,2025-05-16 01:35:54
63968tc,DEPARTAMENTO,RENTA,"$20,500 MXN",CDMX,BENITO JUAREZ,Napoles,1,SI,1,65,,,,2025-05-16 01:35:57
64046tc,OFICINA,RENTA,"$11,950 MXN",CDMX,COYOACAN,Pedregal De Santa Ursula,,2,,,,1,,2025-05-16 01:36:01
64332tc,DEPARTAMENTO,RENTA,"$25,000 MXN",CDMX,CUAUHTEMOC,Roma Norte,2,1,,50,,4,ENTRE 0 - 5 AÑOS,2025-05-16 01:36:03
64094tc,DEPARTAMENTO,RENTA,"$25,000 MXN",CDMX,BENITO JUAREZ,Acacias,2,2,1,97,,6,ENTRE 16 - 20 AÑOS,2025-05-16 01:36:07
63914tc,DEPARTAMENTO,RENTA,"$7,500 MXN",CDMX,IZTAPALAPA,Lomas Estrella,2,1,1,45,,5,,2025-05-16 01:36:10
63924tc,DEPARTAMENTO,RENTA,"$14,500 MXN",CDMX,ALVARO OBREGON,Lomas De Los Angeles Del Pueblo Tetelpan,1,SI,1,110,,2,ENTRE 11 - 15 AÑOS,2025-05-16 01:36:13
64047tc,DEPARTAMENTO,RENTA,"$25,000 MXN",CDMX,ALVARO OBREGON,Las Aguilas,2,2,2,113,,4,ENTRE 6 - 10 AÑOS,2025-05-16 01:36:17
64101tc,DEPARTAMENTO,RENTA,"$16,000 MXN",CDMX,CUAUHTEMOC,Roma Norte,1,1,,42,,4,MAS DE 30,2025-05-16 01:36:20
63887tc,OFICINA,RENTA,"$9,000 MXN",CDMX,CUAUHTEMOC,Roma Sur,,SI,,,,6,MAS DE 30,2025-05-16 01:36:23
63899tc,LOCAL COMERCIAL,RENTA,"$27,000 MXN",CDMX,COYOACAN,Pedregal De Santo Domingo,,SI,1,40,,,,2025-05-16 01:36:25
63949tc,DEPARTAMENTO,RENTA,"$17,000 MXN",CDMX,CUAUHTEMOC,San Rafael,3,2,1,75,,,,2025-05-16 01:36:28
64003tc,OFICINA,RENTA,"$11,500 MXN",CDMX,CUAUHTEMOC,San Rafael,,,,,,,,2025-05-16 01:36:32
64007tc,OFICINA,RENTA,"$14,000 MXN",CDMX,CUAUHTEMOC,San Rafael,,,,,,,,2025-05-16 01:36:34
64042tc,DEPARTAMENTO,RENTA,"$12,000 MXN",CDMX,ALVARO OBREGON,Carola,2,SI,1,67,,6,ENTRE 21 - 30 AÑOS,2025-05-16 01:36:37
64298tc,CASA,RENTA,"$10,000 MXN",CDMX,COYOACAN,Ajusco,2,1,,50,,1,ENTRE 16 - 20 AÑOS,2025-05-16 01:36:40
63877tc,LOCAL COMERCIAL,RENTA,"$15,000 MXN",CDMX,COYOACAN,Paseos De TaxqueÑa,,SI,,,,,ENTRE 21 - 30 AÑOS,2025-05-16 01:36:44
63879tc,OFICINA,RENTA,"$5,000 MXN",CDMX,CUAUHTEMOC,San Rafael,,,,,,,,2025-05-16 01:36:48
63892tc,DEPARTAMENTO,RENTA,"$14,000 MXN",CDMX,CUAUHTEMOC,Santa Maria La Ribera,2,1,1,68,,5,MAS DE 30,2025-05-16 01:36:51
64432tc,TERRENO,RENTA,"$49,900 MXN",CDMX,XOCHIMILCO,Ampliacion San Marcos Norte,,,,1200,,,,2025-05-16 01:36:54
63978tc,OFICINA,RENTA,"$5,000 MXN",CDMX,CUAUHTEMOC,San Rafael,,,,,,,,2025-05-16 01:36:58
63981tc,OFICINA,RENTA,"$5,500 MXN",CDMX,CUAUHTEMOC,San Rafael,,,,,,,,2025-05-16 01:37:00
63985tc,OFICINA,RENTA,"$7,500 MXN",CDMX,CUAUHTEMOC,San Rafael,,,,,,,,2025-05-16 01:37:03
63999tc,OFICINA,RENTA,"$10,000 MXN",CDMX,CUAUHTEMOC,San Rafael,,,,,,,,2025-05-16 01:37:05
64261tc,DEPARTAMENTO,RENTA,"$17,500 MXN",CDMX,TLALPAN,Prado Coapa 1a Seccion,3,SI,1,92,,4,MAS DE 30,2025-05-16 01:37:08
63843tc,OFICINA,RENTA,"$13,560 MXN",CDMX,BENITO JUAREZ,Napoles,,1,,,,7,MAS DE 30,2025-05-16 01:37:10
64271tc,DEPARTAMENTO,RENTA,"$22,000 MXN",CDMX,BENITO JUAREZ,General Pedro Maria Anaya,3,2,1,123,,,ENTRE 21 - 30 AÑOS,2025-05-16 01:37:13
63778tc,CONSULTORIO,RENTA,"$11,800 MXN",CDMX,BENITO JUAREZ,Del Valle Centro,,SI,1,13,,,,2025-05-16 01:37:17
63782tc,DEPARTAMENTO,RENTA,"$8,000 MXN",CDMX,COYOACAN,Culhuacan Ctm Seccion Vi,3,1,,92,,5,MAS DE 30,2025-05-16 01:37:20
63785tc,DEPARTAMENTO,RENTA,"$23,000 MXN",CDMX,ALVARO OBREGON,Tetelpan,2,2,2,110,,,ENTRE 6 - 10 AÑOS,2025-05-16 01:37:22
63791tc,CASA,RENTA,"$197,000 MXN",CDMX,MIGUEL HIDALGO,Anzures,12,5,8,320,,,,2025-05-16 01:37:25
63833tc,OFICINA,RENTA,"$20,000 MXN",CDMX,BENITO JUAREZ,Santa Cruz Atoyac,,SI,1,41,,7,ENTRE 0 - 5 AÑOS,2025-05-16 01:37:28
63852tc,BODEGA,RENTA,"$75,000 MXN",CDMX,TLAHUAC,Zapotitla,,,,500,,,,2025-05-16 01:37:30
63759tc,CASA,RENTA,"$5,000 MXN",CDMX,LA MAGDALENA CONTRERAS,Los Padres,1,SI,,90,,1,MAS DE 30,2025-05-16 01:37:32
63763tc,OFICINA,RENTA,"$8,500 MXN",CDMX,CUAUHTEMOC,Centro (area 8),,1,,40,,11,MAS DE 30,2025-05-16 01:37:35
63765tc,LOCAL COMERCIAL,RENTA,"$37,000 MXN",CDMX,TLALPAN,Toriello Guerra,,1,,80,,,ENTRE 21 - 30 AÑOS,2025-05-16 01:37:38
63767tc,CONSULTORIO,RENTA,"$9,700 MXN",CDMX,MIGUEL HIDALGO,Veronica Anzures,,1,,7,,,,2025-05-16 01:37:40
63768tc,CONSULTORIO,RENTA,"$12,000 MXN",CDMX,MIGUEL HIDALGO,Veronica Anzures,,1,,9,,,,2025-05-16 01:37:43
63769tc,CONSULTORIO,RENTA,"$15,000 MXN",CDMX,MIGUEL HIDALGO,Veronica Anzures,,1,,17,,,,2025-05-16 01:37:46
63775tc,LOCAL COMERCIAL,RENTA,"$58,000 MXN",CDMX,ALVARO OBREGON,Guadalupe Inn,,SI,,152,,,MAS DE 30,2025-05-16 01:37:49
63777tc,LOCAL COMERCIAL,RENTA,"$8,900 MXN",CDMX,COYOACAN,Pedregal De Santa Ursula,,,,40,,,,2025-05-16 01:37:52
63847tc,DEPARTAMENTO,RENTA,"$10,000 MXN",CDMX,IZTACALCO,Agricola Oriental,2,2,1,60,,6,ENTRE 6 - 10 AÑOS,2025-05-16 01:37:55
63897tc,CONSULTORIO,RENTA,"$7,950 MXN",CDMX,BENITO JUAREZ,Del Valle Centro,,1,3,7,,,,2025-05-16 01:37:58
63901tc,CONSULTORIO,RENTA,"$9,800 MXN",CDMX,BENITO JUAREZ,Del Valle Centro,,SI,3,9,,,ENTRE 6 - 10 AÑOS,2025-05-16 01:38:01
63749tc,CASA,RENTA,"$15,000 MXN",CDMX,TLALPAN,Narciso Mendoza,3,SI,,90,,,,2025-05-16 01:38:04
63752tc,OFICINA,RENTA,"$6,000 MXN",CDMX,BENITO JUAREZ,Americas Unidas,,SI,,30,,2,,2025-05-16 01:38:07
63753tc,OFICINA,RENTA,"$14,000 MXN",CDMX,BENITO JUAREZ,Americas Unidas,,SI,,75,,,,2025-05-16 01:38:10
63814tc,DEPARTAMENTO,RENTA,"$13,500 MXN",CDMX,COYOACAN,Pedregal De La Zorra,3,2,1,77,,,,2025-05-16 01:38:12
63736tc,DEPARTAMENTO,RENTA,"$7,000 MXN",CDMX,ALVARO OBREGON,Tetelpan,1,1,,30,,,,2025-05-16 01:38:15
63740tc,LOCAL COMERCIAL,RENTA,"$27,000 MXN",CDMX,GUSTAVO A. MADERO,San Juan De Aragon Iv Seccion,,SI,,115,,,,2025-05-16 01:38:18
63853tc,CASA,RENTA,"$20,000 MXN",CDMX,COYOACAN,San Diego Churubusco,1,1,1,107,,,,2025-05-16 01:38:21
63934tc,CONSULTORIO,RENTA,"$30,000 MXN",CDMX,GUSTAVO A. MADERO,Lindavista Norte,,SI,,,,,,2025-05-16 01:38:24
63706tc,OFICINA,RENTA,"$9,000 MXN",CDMX,ALVARO OBREGON,Las Aguilas,,SI,,26,,,,2025-05-16 01:38:26
63719tc,CASA,RENTA,"$18,500 MXN",CDMX,XOCHIMILCO,Santa Cruz Xochitepec,3,SI,2,130,,2,ENTRE 21 - 30 AÑOS,2025-05-16 01:38:29
63723tc,DEPARTAMENTO,RENTA,"$3,900 MXN",CDMX,XOCHIMILCO,San Lucas Xochimanca,1,1,,50,,2,,2025-05-16 01:38:33
63724tc,OFICINA,RENTA,"$7,000 MXN",CDMX,ALVARO OBREGON,Las Aguilas,,,,,,,,2025-05-16 01:38:36
63998tc,CONSULTORIO,RENTA,"$28,000 MXN",CDMX,GUSTAVO A. MADERO,Lindavista Norte,,SI,1,,,,,2025-05-16 01:38:39
63900tc,CONSULTORIO,RENTA,"$9,950 MXN",CDMX,BENITO JUAREZ,Del Valle Centro,,1,3,,,,,2025-05-16 01:38:43
63923tc,CONSULTORIO,RENTA,"$50,000 MXN",CDMX,GUSTAVO A. MADERO,Lindavista Norte,,SI,1,,,,,2025-05-16 01:38:47
63691tc,OFICINA,RENTA,"$23,000 MXN",CDMX,COYOACAN,Campestre Churubusco,,6,,60,,2,ENTRE 11 - 15 AÑOS,2025-05-16 01:38:50
63695tc,DEPARTAMENTO,RENTA,"$13,000 MXN",CDMX,CUAUHTEMOC,Doctores,2,1,,56,,5,ENTRE 11 - 15 AÑOS,2025-05-16 01:38:53
63696tc,CONSULTORIO,RENTA,"$65,000 MXN",CDMX,GUSTAVO A. MADERO,Lindavista Norte,,1,1,,,,,2025-05-16 01:38:56
63698tc,DEPARTAMENTO,RENTA,"$15,000 MXN",CDMX,CUAUHTEMOC,Doctores,2,1,1,52,,4,ENTRE 11 - 15 AÑOS,2025-05-16 01:39:00
63701tc,LOCAL COMERCIAL,RENTA,"$38,000 MXN",CDMX,ALVARO OBREGON,Florida,,SI,2,50,,,ENTRE 21 - 30 AÑOS,2025-05-16 01:39:03
63703tc,LOCAL COMERCIAL,RENTA,"$120,000 MXN",CDMX,XOCHIMILCO,Barrio Xaltocan,,1,5,270,,,ENTRE 6 - 10 AÑOS,2025-05-16 01:39:06
63649tc,DEPARTAMENTO,RENTA,"$30,000 MXN",CDMX,BENITO JUAREZ,Del Valle Sur,2,2,2,90,,22,,2025-05-16 01:39:08
63658tc,BODEGA,RENTA,"$27,700 MXN",CDMX,CUAUHTEMOC,Obrera,,,,125,,,,2025-05-16 01:39:12
63659tc,LOCAL COMERCIAL,RENTA,"$5,000 MXN",CDMX,TLALPAN,Miguel Hidalgo 2a Seccion,,SI,,22,,,ENTRE 6 - 10 AÑOS,2025-05-16 01:39:15
63660tc,DEPARTAMENTO,RENTA,"$8,800 MXN",CDMX,CUAUHTEMOC,Doctores,1,1,,54,,2,ENTRE 0 - 5 AÑOS,2025-05-16 01:39:18
63665tc,BODEGA,RENTA,"$25,000 MXN",CDMX,TLALPAN,Pedregal De San Nicolas 3a Seccion,,,,150,,,,2025-05-16 01:39:21
63671tc,LOCAL COMERCIAL,RENTA,"$11,000 MXN",CDMX,COYOACAN,Ajusco,,SI,,30,,,ENTRE 6 - 10 AÑOS,2025-05-16 01:39:25
64279tc,DEPARTAMENTO,RENTA,"$19,000 MXN",CDMX,BENITO JUAREZ,Ampliacion Napoles,1,1,,52,,7,MAS DE 30,2025-05-16 01:39:28
64538tc,TERRENO,RENTA,"$45,000 MXN",CDMX,ALVARO OBREGON,Olivar Del Conde 1a Seccion,,,,200,,,,2025-05-16 01:39:30
63816tc,BODEGA,RENTA,"$6,950 MXN",CDMX,COYOACAN,Pedregal De Santa Ursula,,,,40,,,,2025-05-16 01:39:35
63619tc,DEPARTAMENTO,RENTA,"$16,800 MXN",CDMX,COYOACAN,Ex-ejido De San Francisco Culhuacan,1,1,1,110,,3,ENTRE 21 - 30 AÑOS,2025-05-16 01:39:37
63622tc,DEPARTAMENTO,RENTA,"$22,000 MXN",CDMX,CUAUHTEMOC,Cuauhtemoc,2,2,1,75,,4,ENTRE 6 - 10 AÑOS,2025-05-16 01:39:41
63636tc,DEPARTAMENTO,RENTA,"$13,000 MXN",CDMX,IZTACALCO,Agricola Oriental,3,2,1,85,,2,ENTRE 6 - 10 AÑOS,2025-05-16 01:39:43
63638tc,DEPARTAMENTO,RENTA,"$20,000 MXN",CDMX,BENITO JUAREZ,Narvarte Oriente,2,1,1,81,,3,ENTRE 11 - 15 AÑOS,2025-05-16 01:39:46
63642tc,CASA,RENTA,"$35,000 MXN",CDMX,ALVARO OBREGON,Cove,6,SI,4,300,,2,MAS DE 30,2025-05-16 01:39:49
63501tc,CASA,RENTA,"$50,000 MXN",CDMX,MIGUEL HIDALGO,Veronica Anzures,5,3,1,180,,,ENTRE 16 - 20 AÑOS,2025-05-16 01:39:53
63506tc,LOCAL COMERCIAL,RENTA,"$10,700 MXN",CDMX,IZTAPALAPA,San Andres Tetepilco,,SI,,25,,,,2025-05-16 01:39:57
63514tc,DEPARTAMENTO,RENTA,"$9,000 MXN",CDMX,IZTACALCO,Agricola Oriental,2,1,1,53,,6,ENTRE 6 - 10 AÑOS,2025-05-16 01:40:00
63520tc,DEPARTAMENTO,RENTA,"$14,000 MXN",CDMX,MIGUEL HIDALGO,Escandon I Seccion,1,1,,50,,,ENTRE 16 - 20 AÑOS,2025-05-16 01:40:03
63521tc,DEPARTAMENTO,RENTA,"$50,000 MXN",CDMX,CUAUHTEMOC,Cuauhtemoc,4,4,1,220,,,MAS DE 30,2025-05-16 01:40:07
63559tc,OFICINA,RENTA,"$20,000 MXN",CDMX,BENITO JUAREZ,Independencia,,SI,,,,4,ENTRE 21 - 30 AÑOS,2025-05-16 01:40:10
63562tc,OFICINA,RENTA,"$5,500 MXN",CDMX,BENITO JUAREZ,Independencia,,SI,,,,4,ENTRE 21 - 30 AÑOS,2025-05-16 01:40:14
63563tc,OFICINA,RENTA,"$7,000 MXN",CDMX,BENITO JUAREZ,Independencia,,SI,,,,4,,2025-05-16 01:40:17
63566tc,CONSULTORIO,RENTA,"$9,300 MXN",CDMX,BENITO JUAREZ,Del Valle Norte,,SI,,18,,,MAS DE 30,2025-05-16 01:40:20
63571tc,CONSULTORIO,RENTA,"$8,500 MXN",CDMX,BENITO JUAREZ,Del Valle Norte,,,,15,,,MAS DE 30,2025-05-16 01:40:24
63575tc,LOCAL COMERCIAL,RENTA,"$3,500 MXN",CDMX,TLALPAN,Cruz Del Farol,,SI,,12,,,,2025-05-16 01:40:27
63582tc,CASA,RENTA,"$65,000 MXN",CDMX,LA MAGDALENA CONTRERAS,San Jeronimo Lidice,5,SI,3,505,,2,,2025-05-16 01:40:29
63468tc,CASA,RENTA,"$23,000 MXN",CDMX,IZTAPALAPA,Jacarandas,4,SI,5,220,,2,,2025-05-16 01:40:32
63485tc,LOCAL COMERCIAL,RENTA,"$6,000 MXN",CDMX,TLALPAN,Miguel Hidalgo 1a Seccion,,SI,,25,,,ENTRE 6 - 10 AÑOS,2025-05-16 01:40:36
63435tc,CASA,RENTA,"$13,000 MXN",CDMX,MIGUEL HIDALGO,Ampliacion Daniel Garza,2,1,1,,,,ENTRE 6 - 10 AÑOS,2025-05-16 01:40:39
63442tc,LOCAL COMERCIAL,RENTA,"$30,000 MXN",CDMX,CUAUHTEMOC,Roma Sur,,1,,165,,,ENTRE 0 - 5 AÑOS,2025-05-16 01:40:42
63452tc,CASA,RENTA,"$45,000 MXN",CDMX,COYOACAN,Barrio Del NiÑo Jesus,4,SI,4,320,,2,ENTRE 21 - 30 AÑOS,2025-05-16 01:40:46
63453tc,DEPARTAMENTO,RENTA,"$26,000 MXN",CDMX,BENITO JUAREZ,Del Valle Norte,3,2,1,130,,1,MAS DE 30,2025-05-16 01:40:48
63458tc,OFICINA,RENTA,"$10,500 MXN",CDMX,IZTAPALAPA,Escuadron 201,,1,,90,,2,ENTRE 21 - 30 AÑOS,2025-05-16 01:40:51
63407tc,LOCAL COMERCIAL,RENTA,"$35,000 MXN",CDMX,CUAUHTEMOC,Obrera,,2,,,,,,2025-05-16 01:40:53
63408tc,PENT HOUSE,RENTA,"$20,000 MXN",CDMX,MIGUEL HIDALGO,Observatorio,1,2,,150,,,ENTRE 6 - 10 AÑOS,2025-05-16 01:40:56
63412tc,CASA,RENTA,"$17,500 MXN",CDMX,XOCHIMILCO,Nativitas,4,SI,3,130,,3,,2025-05-16 01:41:00
63422tc,DEPARTAMENTO,RENTA,"$11,000 MXN",CDMX,XOCHIMILCO,Santa Cruz Xochitepec,2,SI,1,85,,1,ENTRE 0 - 5 AÑOS,2025-05-16 01:41:04
63424tc,LOCAL COMERCIAL,RENTA,"$10,000 MXN",CDMX,COYOACAN,Ajusco,,SI,,25,,,MAS DE 30,2025-05-16 01:41:07
63375tc,DEPARTAMENTO,RENTA,"$11,000 MXN",CDMX,IZTACALCO,Agricola Oriental,2,2,1,65,,6,ENTRE 0 - 5 AÑOS,2025-05-16 01:41:10
63376tc,CASA EN CONDOMINIO,RENTA,"$25,900 MXN",CDMX,COYOACAN,Barrio La Concepcion,3,SI,1,75,,,ENTRE 6 - 10 AÑOS,2025-05-16 01:41:13
63389tc,DEPARTAMENTO,RENTA,"$19,000 MXN",CDMX,CUAUHTEMOC,Tabacalera,1,2,1,80,,6,ENTRE 6 - 10 AÑOS,2025-05-16 01:41:16
63390tc,LOCAL COMERCIAL,RENTA,"$12,000 MXN",CDMX,BENITO JUAREZ,Albert,,SI,,36,,,ENTRE 0 - 5 AÑOS,2025-05-16 01:41:20
63392tc,OFICINA,RENTA,"$15,000 MXN",CDMX,GUSTAVO A. MADERO,Lindavista Norte,,3,1,,,6,ENTRE 21 - 30 AÑOS,2025-05-16 01:41:22
63396tc,DEPARTAMENTO,RENTA,"$8,000 MXN",CDMX,COYOACAN,Pedregal De Santo Domingo,1,1,,40,,,ENTRE 21 - 30 AÑOS,2025-05-16 01:41:24
63397tc,BODEGA,RENTA,"$16,000 MXN",CDMX,ALVARO OBREGON,Bosques De Tarango,,,,128,,,,2025-05-16 01:41:27
64989tc,DEPARTAMENTO,RENTA,"$30,000 MXN",CDMX,BENITO JUAREZ,Del Valle Centro,2,3,2,132,,4,ENTRE 11 - 15 AÑOS,2025-05-16 01:41:30
63786tc,OFICINA,RENTA,"$13,500 MXN",CDMX,CUAUHTEMOC,Roma Sur,,SI,1,,,,ENTRE 21 - 30 AÑOS,2025-05-16 01:41:33
63322tc,DEPARTAMENTO,RENTA,"$12,000 MXN",CDMX,TLALPAN,Ejidos De San Pedro Martir,2,2,1,65,,4,,2025-05-16 01:41:36
63331tc,DEPARTAMENTO,RENTA,"$23,000 MXN",CDMX,CUAUHTEMOC,Cuauhtemoc,2,1,,75,,5,,2025-05-16 01:41:40
63336tc,DEPARTAMENTO,RENTA,"$9,000 MXN",CDMX,IZTACALCO,Agricola Oriental,2,1,1,60,,5,ENTRE 11 - 15 AÑOS,2025-05-16 01:41:43
63347tc,DEPARTAMENTO,RENTA,"$26,000 MXN",CDMX,CUAUHTEMOC,Hipodromo Condesa,3,SI,2,130,,4,MAS DE 30,2025-05-16 01:41:46
63357tc,OFICINA,RENTA,"$17,000 MXN",CDMX,VENUSTIANO CARRANZA,Moctezuma 2a Seccion,,SI,6,,,,,2025-05-16 01:41:49
63359tc,OFICINA,RENTA,"$12,000 MXN",CDMX,CUAUHTEMOC,Hipodromo Condesa,,SI,,60,,10,ENTRE 21 - 30 AÑOS,2025-05-16 01:41:53
63364tc,DEPARTAMENTO,RENTA,"$9,500 MXN",CDMX,BENITO JUAREZ,Merced Gomez,1,1,1,33,,4,MAS DE 30,2025-05-16 01:41:55
63270tc,BODEGA,RENTA,"$60,000 MXN",CDMX,IZTAPALAPA,Escuadron 201,,,,300,,,,2025-05-16 01:41:57
63275tc,LOCAL COMERCIAL,RENTA,"$20,000 MXN",CDMX,IZTAPALAPA,Escuadron 201,,1,,50,,,ENTRE 16 - 20 AÑOS,2025-05-16 01:42:00
63284tc,DEPARTAMENTO,RENTA,"$23,000 MXN",CDMX,CUAUHTEMOC,Cuauhtemoc,2,1,,75,,5,,2025-05-16 01:42:04
63291tc,DEPARTAMENTO,RENTA,"$13,500 MXN",CDMX,CUAUHTEMOC,Doctores,2,1,,59,,6,ENTRE 16 - 20 AÑOS,2025-05-16 01:42:07
63300tc,DEPARTAMENTO,RENTA,"$19,100 MXN",CDMX,CUAUHTEMOC,Roma Sur,1,1,,28,,7,ENTRE 0 - 5 AÑOS,2025-05-16 01:42:09
63303tc,DEPARTAMENTO,RENTA,"$19,600 MXN",CDMX,CUAUHTEMOC,Roma Sur,1,1,,35,,7,ENTRE 0 - 5 AÑOS,2025-05-16 01:42:12
63306tc,DEPARTAMENTO,RENTA,"$9,000 MXN",CDMX,GUSTAVO A. MADERO,San Juan De Aragon Iii Seccion,2,1,1,58,,,,2025-05-16 01:42:15
63216tc,LOCAL COMERCIAL,RENTA,"$120,000 MXN",CDMX,BENITO JUAREZ,Del Valle Centro,,SI,5,268,,,MAS DE 30,2025-05-16 01:42:19
63223tc,CONSULTORIO,RENTA,"$15,000 MXN",CDMX,COYOACAN,Del Carmen,,SI,,15,,,,2025-05-16 01:42:22
63190tc,LOCAL COMERCIAL,RENTA,"$11,500 MXN",CDMX,IZTAPALAPA,El RetoÑo,,SI,,32,,,,2025-05-16 01:42:25
63198tc,BODEGA,RENTA,"$32,500 MXN",CDMX,IZTACALCO,Reforma Iztaccihuatl Sur,,,,150,,,,2025-05-16 01:42:28
63204tc,CASA,RENTA,"$70,000 MXN",CDMX,GUSTAVO A. MADERO,Lindavista Norte,4,SI,3,400,,2,MAS DE 30,2025-05-16 01:42:32
63149tc,DEPARTAMENTO,RENTA,"$25,000 MXN",CDMX,BENITO JUAREZ,Acacias,2,2,2,108,,4,ENTRE 0 - 5 AÑOS,2025-05-16 01:42:34
63164tc,TERRENO,RENTA,"$170,000 MXN",CDMX,BENITO JUAREZ,Del Valle Sur,,,,324,,,,2025-05-16 01:42:38
63165tc,CASA,RENTA,"$13,000 MXN",CDMX,TLALPAN,San Bartolo El Chico,2,1,,60,,3,ENTRE 6 - 10 AÑOS,2025-05-16 01:42:42
63173tc,DEPARTAMENTO,RENTA,"$16,000 MXN",CDMX,TLALPAN,San Bartolo El Chico,2,1,,70,,3,ENTRE 6 - 10 AÑOS,2025-05-16 01:42:45
63174tc,DEPARTAMENTO,RENTA,"$19,000 MXN",CDMX,TLALPAN,San Bartolo El Chico,2,1,,80,,3,ENTRE 6 - 10 AÑOS,2025-05-16 01:42:48
63144tc,CASA DUPLEX,RENTA,"$11,000 MXN",CDMX,XOCHIMILCO,Ampliacion Tepepan,2,1,1,110,,,ENTRE 16 - 20 AÑOS,2025-05-16 01:42:52
63145tc,DEPARTAMENTO,RENTA,"$6,500 MXN",CDMX,XOCHIMILCO,Santa Cruz Xochitepec,1,1,1,60,,1,ENTRE 16 - 20 AÑOS,2025-05-16 01:42:55
63070tc,DEPARTAMENTO,RENTA,"$15,000 MXN",CDMX,COYOACAN,Churubusco Country Club,2,1,1,75,,,,2025-05-16 01:42:58
63038tc,PENT HOUSE,RENTA,"$20,000 MXN",CDMX,GUSTAVO A. MADERO,Guadalupe Tepeyac,3,SI,4,140,,2,ENTRE 11 - 15 AÑOS,2025-05-16 01:43:01
63000tc,DEPARTAMENTO,RENTA,"$11,500 MXN",CDMX,MIGUEL HIDALGO,Lomas Hermosa,,,,,,,,2025-05-16 01:43:05
63022tc,LOCAL COMERCIAL,RENTA,"$9,000 MXN",CDMX,ALVARO OBREGON,Tizapan,,SI,,16,,,,2025-05-16 01:43:09
62963tc,OFICINA,RENTA,"$12,990 MXN",CDMX,CUAUHTEMOC,Roma Sur,,1,,,,1,MAS DE 30,2025-05-16 01:43:12
62967tc,BODEGA,RENTA,"$130,000 MXN",CDMX,AZCAPOTZALCO,Sindicato Mexicano De Electricistas,,,,700,,,,2025-05-16 01:43:16
62933tc,DEPARTAMENTO,RENTA,"$4,500 MXN",CDMX,TLALPAN,Villa Coapa,1,1,,20,,1,MAS DE 30,2025-05-16 01:43:19
62937tc,CONSULTORIO,RENTA,"$15,000 MXN",CDMX,CUAUHTEMOC,Roma Sur,,SI,,,,,ENTRE 6 - 10 AÑOS,2025-05-16 01:43:22
62939tc,CASA,RENTA,"$65,000 MXN",CDMX,MIGUEL HIDALGO,Anzures,3,SI,1,118,,2,,2025-05-16 01:43:24
62917tc,CONSULTORIO,RENTA,"$6,500 MXN",CDMX,COYOACAN,Pedregal De Santo Domingo,,2,,,,,ENTRE 6 - 10 AÑOS,2025-05-16 01:43:27
62923tc,CONSULTORIO,RENTA,"$5,000 MXN",CDMX,COYOACAN,Pedregal De Santo Domingo,,2,,,,,ENTRE 11 - 15 AÑOS,2025-05-16 01:43:30
62925tc,CONSULTORIO,RENTA,"$4,500 MXN",CDMX,COYOACAN,Pedregal De Santo Domingo,,2,,50,,,ENTRE 11 - 15 AÑOS,2025-05-16 01:43:33
62926tc,OFICINA,RENTA,"$9,000 MXN",CDMX,COYOACAN,Copilco El Alto,,SI,,32,,5,,2025-05-16 01:43:35
62849tc,OFICINA,RENTA,"$12,000 MXN",CDMX,BENITO JUAREZ,Del Valle Centro,,SI,,40,,1,MAS DE 30,2025-05-16 01:43:39
62855tc,OFICINA,RENTA,"$34,000 MXN",CDMX,BENITO JUAREZ,Tlacoquemecatl,,SI,1,190,,4,MAS DE 30,2025-05-16 01:43:42
62875tc,DEPARTAMENTO,RENTA,"$28,000 MXN",CDMX,BENITO JUAREZ,General Pedro Maria Anaya,4,3,2,123,,,,2025-05-16 01:43:45
62806tc,LOCAL COMERCIAL,RENTA,"$50,000 MXN",CDMX,TLALPAN,Ex Hacienda San Juan De Dios,,SI,,176,,,ENTRE 16 - 20 AÑOS,2025-05-16 01:43:48
62807tc,LOCAL COMERCIAL,RENTA,"$50,000 MXN",CDMX,TLALPAN,Ex Hacienda San Juan De Dios,,SI,,176,,,ENTRE 11 - 15 AÑOS,2025-05-16 01:43:50
62819tc,OFICINA,RENTA,"$8,000 MXN",CDMX,BENITO JUAREZ,Del Valle Norte,,1,,30,,3,ENTRE 21 - 30 AÑOS,2025-05-16 01:43:52
62820tc,OFICINA,RENTA,"$9,000 MXN",CDMX,BENITO JUAREZ,Del Valle Norte,,1,,36,,3,ENTRE 21 - 30 AÑOS,2025-05-16 01:43:55
62834tc,OFICINA,RENTA,"$40,000 MXN",CDMX,COYOACAN,Barrio Santa Catarina,,SI,1,140,,3,MAS DE 30,2025-05-16 01:43:57
62838tc,OFICINA,RENTA,"$16,500 MXN",CDMX,COYOACAN,Barrio Santa Catarina,,SI,,55,,2,MAS DE 30,2025-05-16 01:44:00
62841tc,DEPARTAMENTO,RENTA,"$12,000 MXN",CDMX,AZCAPOTZALCO,Angel Zimbron,2,1,1,65,,,,2025-05-16 01:44:03
62847tc,DEPARTAMENTO,RENTA,"$11,500 MXN",CDMX,COYOACAN,Barrio Del NiÑo Jesus,1,1,,32,,,,2025-05-16 01:44:05
62784tc,DEPARTAMENTO,RENTA,"$24,000 MXN",CDMX,CUAUHTEMOC,Roma Norte,2,2,2,95,,3,ENTRE 16 - 20 AÑOS,2025-05-16 01:44:07
62791tc,DEPARTAMENTO,RENTA,"$6,000 MXN",CDMX,XOCHIMILCO,San Lucas Oriente,2,1,1,55,,2,,2025-05-16 01:44:10
62796tc,DEPARTAMENTO,RENTA,"$21,000 MXN",CDMX,BENITO JUAREZ,Narvarte Oriente,3,2,1,110,,3,MAS DE 30,2025-05-16 01:44:13
63894tc,LOCAL COMERCIAL,RENTA,"$13,000 MXN",CDMX,ALVARO OBREGON,Merced Gomez,,SI,1,58,,,MAS DE 30,2025-05-16 01:44:15
62756tc,DEPARTAMENTO,RENTA,"$10,000 MXN",CDMX,VENUSTIANO CARRANZA,General Ignacio Zaragoza,1,1,1,45,,2,ENTRE 0 - 5 AÑOS,2025-05-16 01:44:19
62757tc,DEPARTAMENTO,RENTA,"$12,000 MXN",CDMX,VENUSTIANO CARRANZA,General Ignacio Zaragoza,2,1,1,65,,2,ENTRE 0 - 5 AÑOS,2025-05-16 01:44:22
62762tc,CONSULTORIO,RENTA,"$5,900 MXN",CDMX,IZTAPALAPA,El RetoÑo,,1,,20,,,ENTRE 6 - 10 AÑOS,2025-05-16 01:44:25
62771tc,OFICINA,RENTA,"$25,000 MXN",CDMX,XOCHIMILCO,San Lorenzo La Cebada,,2,,,,3,,2025-05-16 01:44:29
62744tc,CASA,RENTA,"$24,000 MXN",CDMX,IZTAPALAPA,Unidad Modelo,3,SI,2,150,,1,MAS DE 30,2025-05-16 01:44:33
63179tc,LOCAL COMERCIAL,RENTA,"$5,500 MXN",CDMX,IZTAPALAPA,Los Angeles,,SI,,45,,,,2025-05-16 01:44:37
63181tc,LOCAL COMERCIAL,RENTA,"$4,000 MXN",CDMX,IZTAPALAPA,Los Angeles,,SI,,20,,,,2025-05-16 01:44:39
63185tc,LOCAL COMERCIAL,RENTA,"$4,000 MXN",CDMX,IZTAPALAPA,Los Angeles,,SI,,20,,,,2025-05-16 01:44:42
63187tc,LOCAL COMERCIAL,RENTA,"$3,000 MXN",CDMX,IZTAPALAPA,Los Angeles,,SI,,13,,,,2025-05-16 01:44:45
62592tc,CONSULTORIO,RENTA,"$7,000 MXN",CDMX,COYOACAN,Pedregal De La Zorra,,1,,,,,,2025-05-16 01:44:49
62595tc,TERRENO,RENTA,"$35,000 MXN",CDMX,COYOACAN,Pedregal De La Zorra,,,,200,,,,2025-05-16 01:44:53
62606tc,LOCAL COMERCIAL,RENTA,"$37,000 MXN",CDMX,VENUSTIANO CARRANZA,Magdalena Mixiuhca,,2,2,,,,,2025-05-16 01:44:56
62633tc,LOCAL COMERCIAL,RENTA,"$12,000 MXN",CDMX,BENITO JUAREZ,Moderna,,,,20,,,,2025-05-16 01:44:58
63178tc,LOCAL COMERCIAL,RENTA,"$4,000 MXN",CDMX,IZTAPALAPA,Los Angeles,,SI,,20,,,,2025-05-16 01:45:02
62542tc,DEPARTAMENTO,RENTA,"$10,000 MXN",CDMX,GUSTAVO A. MADERO,Vallejo,2,1,,67,,,MAS DE 30,2025-05-16 01:45:05
62562tc,OFICINA,RENTA,"$16,000 MXN",CDMX,IZTAPALAPA,El Vergel,,2,,90,,3,ENTRE 21 - 30 AÑOS,2025-05-16 01:45:08
62576tc,DEPARTAMENTO,RENTA,"$18,000 MXN",CDMX,MIGUEL HIDALGO,Pensil Sur,3,,1,90,,,,2025-05-16 01:45:11
62507tc,DEPARTAMENTO,RENTA,"$8,500 MXN",CDMX,TLALPAN,Chimalcoyoc,1,1,,40,,,,2025-05-16 01:45:15
62508tc,DEPARTAMENTO,RENTA,"$8,900 MXN",CDMX,TLALPAN,Chimalcoyoc,1,1,,50,,,,2025-05-16 01:45:17
62477tc,DEPARTAMENTO,RENTA,"$15,000 MXN",CDMX,ALVARO OBREGON,Tetelpan,1,1,1,80,,,ENTRE 11 - 15 AÑOS,2025-05-16 01:45:19
62489tc,LOCAL COMERCIAL,RENTA,"$3,000 MXN",CDMX,XOCHIMILCO,Barrio San Marcos,,SI,,,,,,2025-05-16 01:45:23
55924tc,LOCAL COMERCIAL,RENTA,"$4,500 MXN",CDMX,CUAUHTEMOC,Santa Maria La Ribera,,1,,22,,,MAS DE 30,2025-05-16 01:45:27
62412tc,DEPARTAMENTO,RENTA,"$32,000 MXN",CDMX,BENITO JUAREZ,San Pedro De Los Pinos,2,SI,1,158,,,,2025-05-16 01:45:30
62440tc,CASA,RENTA,"$25,000 MXN",CDMX,BENITO JUAREZ,Nativitas,4,3,2,,,2,MAS DE 30,2025-05-16 01:45:33
62449tc,DEPARTAMENTO,RENTA,"$11,000 MXN",CDMX,ALVARO OBREGON,Carola,2,1,1,58,,7,ENTRE 21 - 30 AÑOS,2025-05-16 01:45:36
62368tc,CASA DUPLEX,RENTA,"$36,000 MXN",CDMX,COYOACAN,Olimpica,3,SI,3,200,,,,2025-05-16 01:45:39
62372tc,LOCAL COMERCIAL,RENTA,"$8,000 MXN",CDMX,ALVARO OBREGON,Olivar De Los Padres,,2,,56,,,ENTRE 21 - 30 AÑOS,2025-05-16 01:45:42
62376tc,LOCAL COMERCIAL,RENTA,"$7,000 MXN",CDMX,GUSTAVO A. MADERO,San Juan De Aragon Iii Seccion,,SI,,50,,,ENTRE 21 - 30 AÑOS,2025-05-16 01:45:46
62378tc,OFICINA,RENTA,"$5,000 MXN",CDMX,GUSTAVO A. MADERO,San Juan De Aragon Iii Seccion,,,,35,,,ENTRE 21 - 30 AÑOS,2025-05-16 01:45:49
62382tc,OFICINA,RENTA,"$5,000 MXN",CDMX,GUSTAVO A. MADERO,San Juan De Aragon Iii Seccion,,,,35,,,ENTRE 21 - 30 AÑOS,2025-05-16 01:45:52
62383tc,OFICINA,RENTA,"$4,000 MXN",CDMX,GUSTAVO A. MADERO,San Juan De Aragon Iii Seccion,,,,30,,,,2025-05-16 01:45:56
62384tc,OFICINA,RENTA,"$4,000 MXN",CDMX,GUSTAVO A. MADERO,San Juan De Aragon Iii Seccion,,,,30,,,,2025-05-16 01:45:59
62385tc,DEPARTAMENTO,RENTA,"$4,000 MXN",CDMX,GUSTAVO A. MADERO,San Juan De Aragon Iii Seccion,1,1,1,10,,,ENTRE 0 - 5 AÑOS,2025-05-16 01:46:02
62401tc,DEPARTAMENTO,RENTA,"$25,000 MXN",CDMX,MIGUEL HIDALGO,Anzures,1,SI,1,160,,4,ENTRE 21 - 30 AÑOS,2025-05-16 01:46:05
62402tc,DEPARTAMENTO,RENTA,"$27,000 MXN",CDMX,MIGUEL HIDALGO,Anzures,2,2,1,150,,4,ENTRE 21 - 30 AÑOS,2025-05-16 01:46:09
62324tc,DEPARTAMENTO,RENTA,"$3,250 MXN",CDMX,TLALPAN,Granjas Coapa,1,1,,6,,,,2025-05-16 01:46:12
62338tc,LOCAL COMERCIAL,RENTA,"$13,000 MXN",CDMX,AZCAPOTZALCO,Nueva Santa Maria,,SI,,24,,,,2025-05-16 01:46:15
62360tc,CONSULTORIO,RENTA,"$8,000 MXN",CDMX,LA MAGDALENA CONTRERAS,San Jeronimo Lidice,,SI,,20,,,,2025-05-16 01:46:18
62361tc,LOCAL COMERCIAL,RENTA,"$35,000 MXN",CDMX,IZTAPALAPA,Los Angeles,11,SI,1,240,,2,,2025-05-16 01:46:21
62364tc,DEPARTAMENTO,RENTA,"$4,500 MXN",CDMX,IZTAPALAPA,Los Angeles,1,1,,45,,2,,2025-05-16 01:46:24
62365tc,LOCAL COMERCIAL,RENTA,"$4,000 MXN",CDMX,IZTAPALAPA,Los Angeles,,SI,,20,,,,2025-05-16 01:46:26
62298tc,LOCAL COMERCIAL,RENTA,"$6,500 MXN",CDMX,TLALPAN,Lomas Del Pedregal,,SI,,35,,,ENTRE 6 - 10 AÑOS,2025-05-16 01:46:29
62305tc,OFICINA,RENTA,"$10,000 MXN",CDMX,ALVARO OBREGON,Tizapan,,SI,,45,,,,2025-05-16 01:46:32
62312tc,DEPARTAMENTO,RENTA,"$3,250 MXN",CDMX,TLALPAN,Granjas Coapa,1,1,,6,,,,2025-05-16 01:46:34
62315tc,DEPARTAMENTO,RENTA,"$2,000 MXN",CDMX,TLALPAN,Granjas Coapa,1,1,,6,,,,2025-05-16 01:46:38
62285tc,DEPARTAMENTO,RENTA,"$20,500 MXN",CDMX,BENITO JUAREZ,Narvarte Oriente,2,2,2,65,,5,ENTRE 6 - 10 AÑOS,2025-05-16 01:46:41
62222tc,DEPARTAMENTO,RENTA,"$13,500 MXN",CDMX,BENITO JUAREZ,Iztaccihuatl,2,1,,100,,3,MAS DE 30,2025-05-16 01:46:45
62247tc,LOCAL COMERCIAL,RENTA,"$8,000 MXN",CDMX,COYOACAN,Pedregal De Santa Ursula,,SI,,20,,,,2025-05-16 01:46:48
62209tc,CONSULTORIO,RENTA,"$7,400 MXN",CDMX,BENITO JUAREZ,Tlacoquemecatl,,SI,,10,,10,MAS DE 30,2025-05-16 01:46:51
62190tc,DEPARTAMENTO,RENTA,"$26,000 MXN",CDMX,Cuauhtémoc,Roma Norte,3,1,,80,,5,MAS DE 30,2025-05-16 01:46:54
62204tc,CASA,RENTA,"$14,000 MXN",CDMX,ALVARO OBREGON,Colina Del Sur,2,SI,1,,,2,MAS DE 30,2025-05-16 01:46:56
62165tc,LOCAL COMERCIAL,RENTA,"$6,500 MXN",CDMX,GUSTAVO A. MADERO,Lindavista Sur,,1,,65,,,ENTRE 21 - 30 AÑOS,2025-05-16 01:47:00
62131tc,CASA,RENTA,"$19,000 MXN",CDMX,IZTAPALAPA,Presidentes De Mexico,3,3,3,220,,1,ENTRE 16 - 20 AÑOS,2025-05-16 01:47:04
62066tc,OFICINA,RENTA,"$18,000 MXN",CDMX,CUAUHTEMOC,San Rafael,,SI,1,,,4,MAS DE 30,2025-05-16 01:47:07
62074tc,LOCAL COMERCIAL,RENTA,"$3,500 MXN",CDMX,TLAHUAC,Zapotitla,,SI,,,,,,2025-05-16 01:47:10
62076tc,DEPARTAMENTO,RENTA,"$3,500 MXN",CDMX,COYOACAN,Paseos De TaxqueÑa,1,1,,9,,,,2025-05-16 01:47:13
62078tc,OFICINA,RENTA,"$6,500 MXN",CDMX,GUSTAVO A. MADERO,Lindavista Sur,,1,,15,,2,MAS DE 30,2025-05-16 01:47:16
62083tc,LOCAL COMERCIAL,RENTA,"$2,500 MXN",CDMX,TLAHUAC,Zapotitla,,SI,,,,,,2025-05-16 01:47:19
62028tc,LOCAL COMERCIAL,RENTA,"$3,000 MXN",CDMX,TLALPAN,Ejidos De San Pedro Martir,,1,,10,,,ENTRE 6 - 10 AÑOS,2025-05-16 01:47:23
61989tc,OFICINA,RENTA,"$15,000 MXN",CDMX,MIGUEL HIDALGO,Torre Blanca,,SI,,60,,2,ENTRE 11 - 15 AÑOS,2025-05-16 01:47:26
59006tc,DEPARTAMENTO,RENTA,"$3,500 MXN",CDMX,COYOACAN,Paseos De TaxqueÑa,1,1,,9,,,,2025-05-16 01:47:31
61928tc,OFICINA,RENTA,"$7,500 MXN",CDMX,COYOACAN,Pueblo De San Pablo Tepetlapa,,SI,1,25,,2,ENTRE 16 - 20 AÑOS,2025-05-16 01:47:35
61929tc,OFICINA,RENTA,"$5,500 MXN",CDMX,COYOACAN,Pueblo De San Pablo Tepetlapa,,1,1,30,,1,ENTRE 6 - 10 AÑOS,2025-05-16 01:47:39
61930tc,OFICINA,RENTA,"$11,300 MXN",CDMX,COYOACAN,Pueblo De San Pablo Tepetlapa,,1,1,40,,2,ENTRE 11 - 15 AÑOS,2025-05-16 01:47:43
61931tc,OFICINA,RENTA,"$4,500 MXN",CDMX,COYOACAN,Pueblo De San Pablo Tepetlapa,,,1,28,,1,ENTRE 6 - 10 AÑOS,2025-05-16 01:47:46
61855tc,CASA,RENTA,"$25,000 MXN",CDMX,AZCAPOTZALCO,Claveria,3,2,,170,,1,ENTRE 21 - 30 AÑOS,2025-05-16 01:47:49
61859tc,EDIFICIO,RENTA,"$11,000 MXN",CDMX,COYOACAN,Ajusco,,SI,,,,3,ENTRE 0 - 5 AÑOS,2025-05-16 01:47:52
61756tc,OFICINA,RENTA,"$20,000 MXN",CDMX,COYOACAN,Ajusco,,2,,110,,3,MAS DE 30,2025-05-16 01:47:56
61689tc,DEPARTAMENTO,RENTA,"$24,000 MXN",CDMX,COYOACAN,Parque San Andres,3,4,2,200,,4,,2025-05-16 01:47:59
61643tc,OFICINA,RENTA,"$11,000 MXN",CDMX,CUAUHTEMOC,Hipodromo Condesa,,SI,,50,,7,MAS DE 30,2025-05-16 01:48:03
61655tc,DEPARTAMENTO,RENTA,"$27,000 MXN",CDMX,COYOACAN,Pedregal De Carrasco,2,1,1,105,,,ENTRE 6 - 10 AÑOS,2025-05-16 01:48:06
61669tc,OFICINA,RENTA,"$50,000 MXN",CDMX,CUAUHTEMOC,Hipodromo Condesa,,SI,3,180,,20,ENTRE 21 - 30 AÑOS,2025-05-16 01:48:09
61612tc,LOCAL COMERCIAL,RENTA,"$4,000 MXN",CDMX,TLALPAN,San Bartolo El Chico,,SI,,9,,,,2025-05-16 01:48:12
61564tc,LOCAL COMERCIAL,RENTA,"$33,000 MXN",CDMX,IZTAPALAPA,El Vergel,,SI,2,83,,,ENTRE 16 - 20 AÑOS,2025-05-16 01:48:16
61567tc,LOCAL COMERCIAL,RENTA,"$3,500 MXN",CDMX,TLALPAN,San Bartolo El Chico,,1,,8,,,,2025-05-16 01:48:19
61571tc,CASA,RENTA,"$25,000 MXN",CDMX,TLALPAN,Lomas De Padierna,4,4,,190,,2,ENTRE 16 - 20 AÑOS,2025-05-16 01:48:21
61576tc,DEPARTAMENTO,RENTA,"$15,000 MXN",CDMX,TLALPAN,Lomas De Padierna,2,1,1,80,,,ENTRE 16 - 20 AÑOS,2025-05-16 01:48:24
61500tc,DEPARTAMENTO,RENTA,"$13,000 MXN",CDMX,COYOACAN,Paseos De TaxqueÑa,2,1,1,60,,4,ENTRE 21 - 30 AÑOS,2025-05-16 01:48:27
61478tc,DEPARTAMENTO,RENTA,"$20,000 MXN",CDMX,COYOACAN,Romero De Terreros,1,2,1,114,,2,MAS DE 30,2025-05-16 01:48:31
61481tc,OFICINA,RENTA,"$24,000 MXN",CDMX,CUAUHTEMOC,Asturias,,1,,,,1,ENTRE 16 - 20 AÑOS,2025-05-16 01:48:34
61409tc,DEPARTAMENTO,RENTA,"$12,000 MXN",CDMX,IZTACALCO,Fraccionamiento Coyuya,2,1,1,65,,1,ENTRE 21 - 30 AÑOS,2025-05-16 01:48:37
61333tc,OFICINA,RENTA,"$6,999 MXN",CDMX,BENITO JUAREZ,Del Valle Centro,,,,18,,,ENTRE 6 - 10 AÑOS,2025-05-16 01:48:41
61336tc,OFICINA,RENTA,"$35,900 MXN",CDMX,BENITO JUAREZ,Ampliacion Napoles,,2,,150,,2,ENTRE 0 - 5 AÑOS,2025-05-16 01:48:43
61341tc,LOCAL COMERCIAL,RENTA,"$15,000 MXN",CDMX,MIGUEL HIDALGO,Tacuba,,SI,,40,,,ENTRE 16 - 20 AÑOS,2025-05-16 01:48:46
61126tc,CASA,RENTA,"$7,500 MXN",CDMX,TLAHUAC,Santa Ana Poniente,2,SI,1,150,,,,2025-05-16 01:48:48
61083tc,CONSULTORIO,RENTA,"$6,000 MXN",CDMX,GUSTAVO A. MADERO,Estrella,,1,,12,,,ENTRE 21 - 30 AÑOS,2025-05-16 01:48:51
61088tc,LOCAL COMERCIAL,RENTA,"$14,000 MXN",CDMX,IZTAPALAPA,El Prado,,1,,,,,ENTRE 0 - 5 AÑOS,2025-05-16 01:48:54
61079tc,CONSULTORIO,RENTA,"$10,000 MXN",CDMX,GUSTAVO A. MADERO,Estrella,,1,,24,,,ENTRE 21 - 30 AÑOS,2025-05-16 01:48:58
61007tc,CASA,RENTA,"$18,000 MXN",CDMX,GUSTAVO A. MADERO,Industrial,2,SI,1,97,,,,2025-05-16 01:49:00
61357tc,CONSULTORIO,RENTA,"$8,000 MXN",CDMX,BENITO JUAREZ,Alamos,,SI,,,,,,2025-05-16 01:49:03
60979tc,LOCAL COMERCIAL,RENTA,"$4,000 MXN",CDMX,TLALPAN,Miguel Hidalgo 3a Seccion,,SI,,,,,ENTRE 0 - 5 AÑOS,2025-05-16 01:49:07
60688tc,DEPARTAMENTO,RENTA,"$18,000 MXN",CDMX,MIGUEL HIDALGO,Escandon Ii Seccion,2,1,,90,,3,MAS DE 30,2025-05-16 01:49:10
60630tc,OFICINA,RENTA,"$18,000 MXN",CDMX,COYOACAN,Ajusco,,1,1,,,2,ENTRE 0 - 5 AÑOS,2025-05-16 01:49:13
60572tc,DEPARTAMENTO,RENTA,"$15,000 MXN",CDMX,GUSTAVO A. MADERO,Vallejo,3,1,1,100,,1,MAS DE 30,2025-05-16 01:49:16
60500tc,OFICINA,RENTA,"$14,000 MXN",CDMX,IZTACALCO,Granjas Mexico,,1,,80,,20,ENTRE 6 - 10 AÑOS,2025-05-16 01:49:19
60511tc,DEPARTAMENTO,RENTA,"$32,000 MXN",CDMX,BENITO JUAREZ,Letran Valle,3,2,2,100,,,ENTRE 6 - 10 AÑOS,2025-05-16 01:49:22
60297tc,LOCAL COMERCIAL,RENTA,"$6,500 MXN",CDMX,IZTACALCO,Agricola Oriental,,SI,,13,,,,2025-05-16 01:49:26
60308tc,LOCAL COMERCIAL,RENTA,"$23,500 MXN",CDMX,LA MAGDALENA CONTRERAS,San Jeronimo Lidice,,1,,60,,,,2025-05-16 01:49:28
60285tc,DEPARTAMENTO,RENTA,"$6,500 MXN",CDMX,LA MAGDALENA CONTRERAS,San Jeronimo Lidice,1,SI,,35,,,,2025-05-16 01:49:31
59980tc,LOCAL COMERCIAL,RENTA,"$4,000 MXN",CDMX,TLALPAN,Miguel Hidalgo 3a Seccion,,,,,,,,2025-05-16 01:49:35
59955tc,OFICINA,RENTA,"$18,000 MXN",CDMX,ALVARO OBREGON,Guadalupe Inn,,,,60,,,ENTRE 11 - 15 AÑOS,2025-05-16 01:49:37
59959tc,OFICINA,RENTA,"$59,000 MXN",CDMX,ALVARO OBREGON,Guadalupe Inn,,1,,199,,7,,2025-05-16 01:49:41
59922tc,LOCAL COMERCIAL,RENTA,"$171,000 MXN",CDMX,ALVARO OBREGON,Guadalupe Inn,,SI,3,180,,3,,2025-05-16 01:49:44
59942tc,CASA,RENTA,"$35,000 MXN",CDMX,COYOACAN,Culhuacan Ctm Seccion V,4,SI,2,250,,2,MAS DE 30,2025-05-16 01:49:48
59890tc,OFICINA,RENTA,"$11,500 MXN",CDMX,BENITO JUAREZ,Nochebuena,,SI,,,,14,MAS DE 30,2025-05-16 01:49:51
59901tc,DEPARTAMENTO,RENTA,"$11,900 MXN",CDMX,BENITO JUAREZ,San Juan,1,1,,47,,4,MAS DE 30,2025-05-16 01:49:54
59440tc,OFICINA,RENTA,"$6,200 MXN",CDMX,IZTACALCO,Agricola Oriental,,SI,,58,,2,,2025-05-16 01:49:57
59347tc,CONSULTORIO,RENTA,"$9,300 MXN",CDMX,TLALPAN,Toriello Guerra,,1,,20,,,,2025-05-16 01:50:00
59083tc,OFICINA,RENTA,"$6,000 MXN",CDMX,GUSTAVO A. MADERO,San Bartolo Atepehuacan,,1,,10,,2,ENTRE 11 - 15 AÑOS,2025-05-16 01:50:03
59050tc,OFICINA,RENTA,"$7,000 MXN",CDMX,GUSTAVO A. MADERO,Tepeyac Insurgentes,,SI,,16,,3,MAS DE 30,2025-05-16 01:50:06
59020tc,CASA,RENTA,"$45,000 MXN",CDMX,GUSTAVO A. MADERO,San Juan De Aragon Iv Seccion,5,SI,4,240,,1,,2025-05-16 01:50:09
59037tc,DEPARTAMENTO,RENTA,"$15,000 MXN",CDMX,LA MAGDALENA CONTRERAS,San Jeronimo Aculco,2,1,1,60,,,,2025-05-16 01:50:12
58994tc,DEPARTAMENTO,RENTA,"$15,000 MXN",CDMX,BENITO JUAREZ,San Pedro De Los Pinos,1,1,1,60,,,ENTRE 16 - 20 AÑOS,2025-05-16 01:50:16
58888tc,LOCAL COMERCIAL,RENTA,"$180,000 MXN",CDMX,CUAUHTEMOC,Santa Maria La Ribera,,SI,6,1000,,,MAS DE 30,2025-05-16 01:50:19
58817tc,LOCAL COMERCIAL,RENTA,"$12,000 MXN",CDMX,TLALPAN,Fuentes Del Pedregal,,SI,1,31,,,ENTRE 21 - 30 AÑOS,2025-05-16 01:50:22
58818tc,LOCAL COMERCIAL,RENTA,"$12,000 MXN",CDMX,TLALPAN,Fuentes Del Pedregal,,SI,,21,,,ENTRE 21 - 30 AÑOS,2025-05-16 01:50:26
58743tc,DEPARTAMENTO,RENTA,"$11,000 MXN",CDMX,ALVARO OBREGON,Colina Del Sur,3,1,1,76,,,ENTRE 21 - 30 AÑOS,2025-05-16 01:50:28
58378tc,LOCAL COMERCIAL,RENTA,"$5,900 MXN",CDMX,IZTAPALAPA,El RetoÑo,,1,,27,,,ENTRE 6 - 10 AÑOS,2025-05-16 01:50:30
57046tc,OFICINA,RENTA,"$8,900 MXN",CDMX,BENITO JUAREZ,Nochebuena,,SI,,,,15,MAS DE 30,2025-05-16 01:50:32
56626tc,CASA,RENTA,"$15,000 MXN",CDMX,ALVARO OBREGON,Alcantarilla,2,2,1,100,,,ENTRE 21 - 30 AÑOS,2025-05-16 01:50:35
56617tc,DEPARTAMENTO,RENTA,"$10,500 MXN",CDMX,ALVARO OBREGON,Alcantarilla,1,1,1,70,,1,ENTRE 21 - 30 AÑOS,2025-05-16 01:50:38
56111tc,OFICINA,RENTA,"$11,000 MXN",CDMX,CUAUHTEMOC,Hipodromo Condesa,,SI,,60,,5,MAS DE 30,2025-05-16 01:50:42
54442tc,OFICINA,RENTA,"$18,000 MXN",CDMX,ALVARO OBREGON,Guadalupe Inn,,,,60,,,ENTRE 11 - 15 AÑOS,2025-05-16 01:50:45
49312tc,OFICINA,RENTA,"$21,900 MXN",CDMX,ALVARO OBREGON,Guadalupe Inn,,SI,1,73,,,ENTRE 11 - 15 AÑOS,2025-05-16 01:50:48
49315tc,OFICINA,RENTA,"$15,000 MXN",CDMX,ALVARO OBREGON,Guadalupe Inn,,1,,50,,,ENTRE 11 - 15 AÑOS,2025-05-16 01:50:50
48072tc,OFICINA,RENTA,"$19,500 MXN",CDMX,GUSTAVO A. MADERO,Tepeyac Insurgentes,,SI,,110,,3,,2025-05-16 01:50:53
45955tc,OFICINA,RENTA,"$2,800 MXN",CDMX,CUAUHTEMOC,Juarez,,SI,,2,,4,ENTRE 11 - 15 AÑOS,2025-05-16 01:50:56
64731tc,DEPARTAMENTO,RENTA,"$15,000 MXN",EDOMEX,NAUCALPAN DE JUAREZ,La Florida,2,2,1,70,,2,ENTRE 0 - 5 AÑOS,2025-05-16 01:51:05
64732tc,DEPARTAMENTO,RENTA,"$22,000 MXN",EDOMEX,NAUCALPAN DE JUAREZ,La Florida,2,2,2,72,,2,ENTRE 0 - 5 AÑOS,2025-05-16 01:51:09
64975tc,CASA,RENTA,"$22,000 MXN",EDOMEX,TLALNEPANTLA DE BAZ,Jardines De Santa Monica,3,SI,3,175,,2,ENTRE 21 - 30 AÑOS,2025-05-16 01:51:11
64233tc,LOCAL COMERCIAL,RENTA,"$30,000 MXN",EDOMEX,NAUCALPAN DE JUAREZ,Ciudad Satelite,,SI,,54,,,,2025-05-16 01:51:15
64084tc,EDIFICIO,RENTA,"$15,000 MXN",EDOMEX,TLALNEPANTLA DE BAZ,Jardines De Santa Monica,,SI,,21,,,ENTRE 16 - 20 AÑOS,2025-05-16 01:51:18
63883tc,CASA,RENTA,"$19,500 MXN",EDOMEX,NAUCALPAN DE JUAREZ,Lomas Verdes 1a Seccion,3,SI,2,128,,3,,2025-05-16 01:51:21
63798tc,EDIFICIO,RENTA,"$64,000 MXN",EDOMEX,TLALNEPANTLA DE BAZ,Valle De Los Pinos 1ra Seccion,,SI,6,250,,5,,2025-05-16 01:51:24
63712tc,OFICINA,RENTA,"$10,500 MXN",EDOMEX,TLALNEPANTLA DE BAZ,San Lucas Tepetlacalco,,3,,18,,4,ENTRE 0 - 5 AÑOS,2025-05-16 01:51:28
63503tc,DEPARTAMENTO,RENTA,"$23,500 MXN",EDOMEX,NAUCALPAN DE JUAREZ,Santiago Occipaco,3,2,2,140,,3,ENTRE 21 - 30 AÑOS,2025-05-16 01:51:31
63542tc,CASA,RENTA,"$25,000 MXN",EDOMEX,NAUCALPAN DE JUAREZ,Lomas Verdes 3a Seccion,3,SI,2,128,,2,MAS DE 30,2025-05-16 01:51:33
62938tc,DEPARTAMENTO,RENTA,"$5,000 MXN",EDOMEX,NAUCALPAN DE JUAREZ,Boulevares,1,1,1,18,,,,2025-05-16 01:51:37
62896tc,BODEGA,RENTA,"$25,000 MXN",EDOMEX,NAUCALPAN DE JUAREZ,Santiago Occipaco,,,,400,,,,2025-05-16 01:51:39
62846tc,CONSULTORIO,RENTA,"$5,350 MXN",EDOMEX,NAUCALPAN DE JUAREZ,Ciudad Satelite,,SI,,19,,,,2025-05-16 01:51:43
62532tc,DEPARTAMENTO,RENTA,"$5,000 MXN",EDOMEX,NAUCALPAN DE JUAREZ,Boulevares,1,1,1,18,,,,2025-05-16 01:51:46
62319tc,EDIFICIO,RENTA,"$145,000 MXN",EDOMEX,TLALNEPANTLA DE BAZ,Adolfo Lopez Mateos,,,2,200,,2,ENTRE 16 - 20 AÑOS,2025-05-16 01:51:49
61456tc,OFICINA,RENTA,"$50,000 MXN",EDOMEX,NAUCALPAN DE JUAREZ,Ciudad Satelite,,,,280,,3,MAS DE 30,2025-05-16 01:51:52
61457tc,EDIFICIO,RENTA,"$5,800 MXN",EDOMEX,NAUCALPAN DE JUAREZ,Ciudad Satelite,,,,12,,,,2025-05-16 01:51:54
61458tc,EDIFICIO,RENTA,"$5,800 MXN",EDOMEX,NAUCALPAN DE JUAREZ,Ciudad Satelite,,,,12,,,,2025-05-16 01:51:56
61459tc,EDIFICIO,RENTA,"$5,200 MXN",EDOMEX,NAUCALPAN DE JUAREZ,Ciudad Satelite,,SI,,15,,,,2025-05-16 01:52:00
61460tc,EDIFICIO,RENTA,"$5,200 MXN",EDOMEX,NAUCALPAN DE JUAREZ,Ciudad Satelite,,,,,,,,2025-05-16 01:52:03
61462tc,EDIFICIO,RENTA,"$5,200 MXN",EDOMEX,NAUCALPAN DE JUAREZ,Ciudad Satelite,,SI,,12,,,,2025-05-16 01:52:07
61463tc,EDIFICIO,RENTA,"$5,200 MXN",EDOMEX,NAUCALPAN DE JUAREZ,Ciudad Satelite,,SI,,12,,,MAS DE 30,2025-05-16 01:52:10
61464tc,EDIFICIO,RENTA,"$5,200 MXN",EDOMEX,NAUCALPAN DE JUAREZ,Ciudad Satelite,,SI,,12,,,,2025-05-16 01:52:13
61465tc,EDIFICIO,RENTA,"$5,200 MXN",EDOMEX,NAUCALPAN DE JUAREZ,Ciudad Satelite,,SI,,12,,,MAS DE 30,2025-05-16 01:52:16
64407tc,DEPARTAMENTO,RENTA,"$22,000 MXN",JALISCO,ZAPOPAN,Chapalita Sur,1,SI,,90,,2,ENTRE 0 - 5 AÑOS,2025-05-16 01:52:27
64062tc,DEPARTAMENTO,RENTA,"$26,000 MXN",JALISCO,ZAPOPAN,Chapalita Oriente,2,SI,2,120,,2,ENTRE 0 - 5 AÑOS,2025-05-16 01:52:31
62215tc,TERRENO,RENTA,"$25,000 MXN",JALISCO,GUADALAJARA,Bosques De La Victoria,,,,350,,,,2025-05-16 01:52:34
62118tc,LOCAL COMERCIAL,RENTA,"$31,500 MXN",JALISCO,GUADALAJARA,Colon Industrial,,SI,,125,,,ENTRE 0 - 5 AÑOS,2025-05-16 01:52:37
63732tc,LOCAL COMERCIAL,RENTA,"$6,000 MXN",PUEBLA,PUEBLA,Villa Carmel,,1,,,,,,2025-05-16 01:52:46
63820tc,OFICINA,RENTA,"$15,000 MXN",PUEBLA,PUEBLA,San Jose Mayorazgo,,SI,2,55,,,ENTRE 0 - 5 AÑOS,2025-05-16 01:52:50
63940tc,LOCAL COMERCIAL,RENTA,"$9,000 MXN",PUEBLA,PUEBLA,Huexotitla,,SI,,50,,,,2025-05-16 01:52:54
63941tc,LOCAL COMERCIAL,RENTA,"$17,900 MXN",PUEBLA,PUEBLA,Huexotitla,,SI,,100,,,,2025-05-16 01:52:57
55091tc,LOCAL COMERCIAL,RENTA,"$24,500 MXN",PUEBLA,PUEBLA,Mayorazgo,,SI,6,350,,,,2025-05-16 01:53:00
61403tc,CONSULTORIO,RENTA,"$5,900 MXN",PUEBLA,PUEBLA,Chula Vista,,SI,,65,,,,2025-05-16 01:53:03
61405tc,CONSULTORIO,RENTA,"$5,900 MXN",PUEBLA,PUEBLA,Chula Vista,,SI,,65,,,,2025-05-16 01:53:07
61406tc,CONSULTORIO,RENTA,"$5,300 MXN",PUEBLA,PUEBLA,Chula Vista,,SI,,65,,,,2025-05-16 01:53:10
61408tc,CONSULTORIO,RENTA,"$5,300 MXN",PUEBLA,PUEBLA,Chula Vista,,SI,,65,,,,2025-05-16 01:53:12
61410tc,CONSULTORIO,RENTA,"$5,900 MXN",PUEBLA,PUEBLA,Chula Vista,,SI,,65,,,,2025-05-16 01:53:15
57778tc,CASA,RENTA,"$27,500 MXN",PUEBLA,PUEBLA,Anzures,3,SI,3,455,,2,,2025-05-16 01:53:18
57787tc,CASA,RENTA,"$32,500 MXN",PUEBLA,PUEBLA,Anzures,4,SI,4,456,,2,,2025-05-16 01:53:21
64976tc,DEPARTAMENTO,RENTA,"$20,000 MXN",CDMX,MIGUEL HIDALGO,Escandon Ii Seccion,2,1,1,64,,5,ENTRE 11 - 15 AÑOS,2025-05-16 12:04:33
64994tc,DEPARTAMENTO,RENTA,"$24,000 MXN",CDMX,CUAUHTEMOC,Cuauhtemoc,2,2,1,90,,5,,2025-05-16 12:04:37
64995tc,DEPARTAMENTO,RENTA,"$7,000 MXN",CDMX,MIGUEL HIDALGO,Veronica Anzures,1,1,,10,,,,2025-05-16 12:04:40
64996tc,DEPARTAMENTO,RENTA,"$7,000 MXN",CDMX,MIGUEL HIDALGO,Veronica Anzures,1,1,,10,,,,2025-05-16 12:04:43
64993tc,DEPARTAMENTO,RENTA,"$11,500 MXN",CDMX,COYOACAN,Avante,2,1,,55,,,,2025-05-16 12:04:47
64868tc,DEPARTAMENTO,RENTA,"$17,800 MXN",CDMX,BENITO JUAREZ,Narvarte Oriente,3,1,1,90,,,,2025-05-16 12:04:50
64519tc,DEPARTAMENTO,RENTA,"$10,000 MXN",CDMX,BENITO JUAREZ,San Simon Ticumac,2,1,1,50,,4,MAS DE 30,2025-05-16 12:04:53
64580tc,DEPARTAMENTO,RENTA,"$8,500 MXN",CDMX,BENITO JUAREZ,San Simon Ticumac,1,1,,42,,,ENTRE 21 - 30 AÑOS,2025-05-16 12:04:56
62575tc,DEPARTAMENTO,RENTA,"$16,000 MXN",CDMX,MIGUEL HIDALGO,Pensil Sur,2,1,1,70,,,,2025-05-16 12:04:59
65024tc,CASA,RENTA,"$30,000 MXN",CDMX,CUAUHTEMOC,Obrera,3,2,2,151,,,,2025-05-17 09:53:47
65000tc,DEPARTAMENTO,RENTA,"$32,000 MXN",CDMX,CUAUHTEMOC,Roma Norte,2,1,,80,,4,,2025-05-17 09:53:51
65004tc,DEPARTAMENTO,RENTA,"$8,800 MXN",CDMX,COYOACAN,San Mateo,1,1,,38,,,,2025-05-17 09:53:53
65005tc,DEPARTAMENTO,RENTA,"$17,000 MXN",CDMX,TLALPAN,Barrio La Fama,3,1,1,88,,5,ENTRE 21 - 30 AÑOS,2025-05-17 09:53:56
65006tc,DEPARTAMENTO,RENTA,"$19,000 MXN",CDMX,CUAUHTEMOC,Roma Norte,2,2,1,70,,4,,2025-05-17 09:53:58
65009tc,LOCAL COMERCIAL,RENTA,"$8,000 MXN",CDMX,COYOACAN,Viejo Ejido De Santa Ursula Coapa,,,,,,,,2025-05-17 09:54:01
65019tc,CASA,RENTA,"$30,000 MXN",CDMX,COYOACAN,Ajusco,4,2,2,,,3,MAS DE 30,2025-05-17 09:54:04
64977tc,CASA,RENTA,"$155,000 MXN",CDMX,TLALPAN,Tlalpan,6,4,6,1000,,2,,2025-05-17 09:54:08
65012tc,DEPARTAMENTO,RENTA,"$12,000 MXN",CDMX,CUAUHTEMOC,Esperanza,2,1,,42,,4,ENTRE 0 - 5 AÑOS,2025-05-17 09:54:11
65023tc,CASA,RENTA,"$68,000 MXN",CDMX,TLALPAN,Tlalpan,6,4,6,450,,2,,2025-05-17 09:54:14
64950tc,DEPARTAMENTO,RENTA,"$15,000 MXN",CDMX,BENITO JUAREZ,Narvarte Poniente,2,1,,72,,3,,2025-05-17 09:54:17
64900tc,DEPARTAMENTO,RENTA,"$20,000 MXN",CDMX,VENUSTIANO CARRANZA,Jardin Balbuena,2,2,1,60,,2,ENTRE 0 - 5 AÑOS,2025-05-17 09:54:21
65021tc,DEPARTAMENTO,RENTA,"$7,000 MXN",CDMX,XOCHIMILCO,Tablas De San Lorenzo,2,1,1,80,,1,,2025-05-17 09:54:24
65014tc,LOCAL COMERCIAL,RENTA,"$125,000 MXN",CDMX,BENITO JUAREZ,Del Valle Norte,,SI,7,360,,,MAS DE 30,2025-05-17 09:54:29
64776tc,DEPARTAMENTO,RENTA,"$14,500 MXN",CDMX,BENITO JUAREZ,Albert,2,2,1,65,,4,ENTRE 6 - 10 AÑOS,2025-05-17 09:54:32
65073tc,DEPARTAMENTO,RENTA,"$13,000 MXN",CDMX,CUAUHTEMOC,Obrera,1,1,,42,,,,2025-05-19 13:18:57
65056tc,DEPARTAMENTO,RENTA,"$8,000 MXN",CDMX,IZTACALCO,Agricola Pantitlan,2,1,1,50,,4,,2025-05-19 13:19:00
65034tc,DEPARTAMENTO,RENTA,"$16,000 MXN",CDMX,COYOACAN,Campestre Churubusco,2,2,,90,,,ENTRE 21 - 30 AÑOS,2025-05-19 13:19:03
65035tc,DEPARTAMENTO,RENTA,"$13,000 MXN",CDMX,LA MAGDALENA CONTRERAS,San Jeronimo Lidice,2,1,,92,,4,,2025-05-19 13:19:07
65036tc,CASA,RENTA,"$15,000 MXN",CDMX,GUSTAVO A. MADERO,San Juan De Aragon Iv Seccion,2,1,2,120,,,,2025-05-19 13:19:10
65039tc,DEPARTAMENTO,RENTA,"$6,000 MXN",CDMX,LA MAGDALENA CONTRERAS,Vista Hermosa,3,1,1,90,,2,ENTRE 6 - 10 AÑOS,2025-05-19 13:19:13
65048tc,LOCAL COMERCIAL,RENTA,"$18,000 MXN",CDMX,IZTAPALAPA,Ampliacion El Triunfo,,SI,,43,,,,2025-05-19 13:19:16
65050tc,DEPARTAMENTO,RENTA,"$13,000 MXN",CDMX,CUAUHTEMOC,Doctores,2,1,1,63,,,,2025-05-19 13:19:19
65016tc,OFICINA,RENTA,"$15,000 MXN",CDMX,COYOACAN,San Diego Churubusco,,1,,78,,1,,2025-05-19 13:19:22
64915tc,DEPARTAMENTO,RENTA,"$8,000 MXN",CDMX,CUAUHTEMOC,Roma Sur,1,1,,30,,2,MAS DE 30,2025-05-19 13:19:25
64935tc,CASA,RENTA,"$17,000 MXN",CDMX,BENITO JUAREZ,San Jose Insurgentes,1,SI,,56,,2,ENTRE 16 - 20 AÑOS,2025-05-19 13:19:28
64904tc,LOCAL COMERCIAL,RENTA,"$4,500 MXN",CDMX,GUSTAVO A. MADERO,San Juan De Aragon I Seccion,,1,,10,,,,2025-05-19 13:19:33
64907tc,LOCAL COMERCIAL,RENTA,"$4,000 MXN",CDMX,GUSTAVO A. MADERO,San Juan De Aragon Ii Seccion,,1,,8,,,,2025-05-19 13:19:35
64912tc,LOCAL COMERCIAL,RENTA,"$8,500 MXN",CDMX,GUSTAVO A. MADERO,San Juan De Aragon I Seccion,,1,,10,,,,2025-05-19 13:19:39
64985tc,LOCAL COMERCIAL,RENTA,"$4,500 MXN",CDMX,GUSTAVO A. MADERO,San Juan De Aragon Ii Seccion,,1,,10,,,,2025-05-19 13:19:43
62040tc,CASA,RENTA,"$20,000 MXN",CDMX,GUSTAVO A. MADERO,Vallejo,3,3,2,150,,1,MAS DE 30,2025-05-19 13:19:47